date;numero_tirage;boule_1;boule_2;boule_3;boule_4;boule_5;numero_chance
05/08/2026;26093;12;22;24;33;38;9
03/08/2026;26092;37;5;41;42;25;10
01/08/2026;26091;6;5;37;30;8;4
29/07/2026;26090;41;34;15;27;40;9
27/07/2026;26089;6;7;8;36;16;3
25/07/2026;26088;30;36;47;29;22;2
22/07/2026;26087;10;23;9;4;13;7
20/07/2026;26086;20;15;13;24;45;8
18/07/2026;26085;27;24;36;11;10;7
15/07/2026;26084;1;21;37;9;13;3
13/07/2026;26083;45;29;26;18;5;7
11/07/2026;26082;3;16;35;38;34;2
08/07/2026;26081;16;28;18;7;35;8
06/07/2026;26080;36;16;29;46;31;7
04/07/2026;26079;15;48;49;31;41;3
01/07/2026;26078;8;9;31;10;25;5
29/06/2026;26077;1;41;27;13;32;2
27/06/2026;26076;18;35;21;24;36;3
24/06/2026;26075;8;29;32;38;26;7
22/06/2026;26074;13;31;7;47;30;7
20/06/2026;26073;5;16;37;41;31;5
17/06/2026;26072;37;32;1;39;15;1
15/06/2026;26071;49;23;25;29;46;1
13/06/2026;26070;39;28;41;27;11;3
10/06/2026;26069;12;2;38;47;14;5
08/06/2026;26068;41;43;39;24;48;3
06/06/2026;26067;32;43;13;19;24;2
03/06/2026;26066;30;16;18;17;4;1
01/06/2026;26065;5;33;30;26;19;2
30/05/2026;26064;31;10;34;3;47;5
27/05/2026;26063;15;3;17;41;4;4
25/05/2026;26062;31;27;19;22;49;3
23/05/2026;26061;20;36;23;21;38;2
20/05/2026;26060;28;30;8;48;15;7
18/05/2026;26059;32;14;36;33;49;3
16/05/2026;26058;30;1;34;32;12;4
13/05/2026;26057;46;17;41;35;38;2
11/05/2026;26056;18;30;39;17;34;9
09/05/2026;26055;25;21;16;31;26;1
06/05/2026;26054;7;18;27;35;48;5
04/05/2026;26053;46;15;4;18;8;2
02/05/2026;26052;17;29;19;10;41;7
29/04/2026;26051;30;2;37;3;31;8
27/04/2026;26050;6;27;43;23;15;4
25/04/2026;26049;25;9;22;17;49;3
22/04/2026;26048;37;30;40;38;43;1
20/04/2026;26047;21;29;33;2;12;6
18/04/2026;26046;22;25;24;5;23;10
15/04/2026;26045;44;21;2;48;47;10
13/04/2026;26044;22;4;10;18;16;4
11/04/2026;26043;48;7;45;41;39;9
08/04/2026;26042;23;16;46;13;26;1
06/04/2026;26041;33;29;19;3;23;3
04/04/2026;26040;5;6;36;7;21;6
01/04/2026;26039;43;34;47;23;3;5
30/03/2026;26038;10;47;8;28;29;5
28/03/2026;26037;38;30;28;17;45;6
25/03/2026;26036;48;30;19;28;35;5
23/03/2026;26035;30;9;42;38;3;4
21/03/2026;26034;3;45;33;19;24;10
18/03/2026;26033;13;18;8;48;45;7
16/03/2026;26032;31;25;42;5;14;4
14/03/2026;26031;22;23;10;46;25;3
11/03/2026;26030;14;18;12;16;10;3
09/03/2026;26029;16;24;5;35;12;4
07/03/2026;26028;22;21;11;9;10;9
04/03/2026;26027;14;47;46;16;40;4
02/03/2026;26026;40;19;37;34;20;6
28/02/2026;26025;18;40;49;31;24;2
25/02/2026;26024;8;30;26;22;9;8
23/02/2026;26023;29;15;20;47;41;4
21/02/2026;26022;4;44;32;17;14;9
18/02/2026;26021;25;4;22;36;16;7
16/02/2026;26020;35;17;21;29;8;3
14/02/2026;26019;9;14;27;33;17;6
11/02/2026;26018;36;3;44;47;32;8
09/02/2026;26017;23;25;42;38;22;3
07/02/2026;26016;49;9;41;20;2;9
04/02/2026;26015;1;24;37;12;11;9
02/02/2026;26014;7;12;11;41;29;5
31/01/2026;26013;24;14;4;1;21;4
28/01/2026;26012;42;7;11;30;10;4
26/01/2026;26011;25;32;28;9;36;4
24/01/2026;26010;30;39;10;33;18;8
21/01/2026;26009;40;25;29;27;45;10
19/01/2026;26008;13;34;16;24;12;4
17/01/2026;26007;42;34;26;12;49;6
14/01/2026;26006;23;28;5;4;31;5
12/01/2026;26005;2;39;32;24;13;6
10/01/2026;26004;16;1;36;7;35;3
07/01/2026;26003;5;36;35;17;30;3
05/01/2026;26002;30;13;23;31;5;6
03/01/2026;26001;29;30;31;9;40;2
31/12/2025;25157;43;6;19;39;15;1
29/12/2025;25156;21;10;47;43;33;3
27/12/2025;25155;17;16;41;42;49;10
24/12/2025;25154;5;42;45;9;33;1
22/12/2025;25153;40;20;49;16;41;9
20/12/2025;25152;28;16;42;47;37;2
17/12/2025;25151;2;14;49;20;30;2
15/12/2025;25150;38;43;32;26;42;6
13/12/2025;25149;25;15;7;10;22;7
10/12/2025;25148;34;44;33;35;39;10
08/12/2025;25147;9;41;8;11;17;1
06/12/2025;25146;14;2;24;34;33;1
03/12/2025;25145;28;13;10;36;18;8
01/12/2025;25144;38;46;11;13;14;1
29/11/2025;25143;8;13;20;27;23;3
26/11/2025;25142;14;16;26;9;33;5
24/11/2025;25141;47;29;36;28;22;1
22/11/2025;25140;7;10;45;34;40;6
19/11/2025;25139;46;26;33;45;24;2
17/11/2025;25138;26;45;28;17;7;6
15/11/2025;25137;11;5;23;22;24;3
12/11/2025;25136;8;29;33;37;3;2
10/11/2025;25135;8;37;9;16;45;2
08/11/2025;25134;16;32;48;36;27;8
05/11/2025;25133;45;29;31;23;19;4
03/11/2025;25132;32;3;49;29;2;2
01/11/2025;25131;3;33;17;24;26;6
29/10/2025;25130;7;6;45;34;35;8
27/10/2025;25129;48;47;23;45;10;8
25/10/2025;25128;6;16;4;5;35;1
22/10/2025;25127;49;29;31;4;39;1
20/10/2025;25126;38;24;12;43;34;1
18/10/2025;25125;17;49;47;11;19;1
15/10/2025;25124;17;1;22;9;48;5
13/10/2025;25123;2;11;36;45;49;7
11/10/2025;25122;5;3;40;32;12;4
08/10/2025;25121;5;47;39;10;25;7
06/10/2025;25120;22;10;30;1;26;9
04/10/2025;25119;6;45;31;29;4;8
01/10/2025;25118;10;5;41;35;44;7
29/09/2025;25117;27;32;44;5;17;4
27/09/2025;25116;45;46;3;19;11;4
24/09/2025;25115;3;32;21;23;31;4
22/09/2025;25114;10;41;5;29;47;4
20/09/2025;25113;36;18;10;39;47;7
17/09/2025;25112;2;25;47;32;37;3
15/09/2025;25111;30;2;10;32;17;5
13/09/2025;25110;29;31;6;41;28;10
10/09/2025;25109;18;49;14;24;17;7
08/09/2025;25108;30;42;21;10;22;8
06/09/2025;25107;26;21;18;17;4;1
03/09/2025;25106;31;30;24;2;36;5
01/09/2025;25105;44;38;33;25;4;4
30/08/2025;25104;23;15;34;39;4;10
27/08/2025;25103;7;12;31;20;40;6
25/08/2025;25102;32;22;42;21;14;2
23/08/2025;25101;49;23;15;20;30;9
20/08/2025;25100;2;27;36;40;1;7
18/08/2025;25099;8;27;21;2;26;6
16/08/2025;25098;31;5;18;45;4;7
13/08/2025;25097;47;9;31;36;42;1
11/08/2025;25096;40;30;44;1;10;2
09/08/2025;25095;19;6;38;21;15;8
06/08/2025;25094;5;23;18;19;49;8
04/08/2025;25093;6;43;10;31;34;5
02/08/2025;25092;14;22;15;31;48;2
30/07/2025;25091;13;20;3;41;37;3
28/07/2025;25090;25;6;22;27;30;5
26/07/2025;25089;1;19;44;32;9;3
23/07/2025;25088;18;30;5;43;29;2
21/07/2025;25087;5;9;26;16;33;8
19/07/2025;25086;25;18;19;45;24;1
16/07/2025;25085;3;34;45;41;36;4
14/07/2025;25084;37;28;27;6;20;3
12/07/2025;25083;39;49;36;48;13;7
09/07/2025;25082;36;1;45;22;25;4
07/07/2025;25081;18;41;27;26;3;6
05/07/2025;25080;32;46;37;25;42;10
02/07/2025;25079;25;19;29;38;30;10
30/06/2025;25078;17;12;8;10;18;4
28/06/2025;25077;4;2;20;3;28;6
25/06/2025;25076;32;26;2;5;44;10
23/06/2025;25075;20;42;38;44;25;10
21/06/2025;25074;34;25;49;18;20;2
18/06/2025;25073;9;36;13;24;19;3
16/06/2025;25072;1;2;13;39;4;1
14/06/2025;25071;25;21;31;44;16;8
11/06/2025;25070;9;19;7;18;15;6
09/06/2025;25069;25;38;5;34;12;10
07/06/2025;25068;7;30;40;37;45;1
04/06/2025;25067;2;45;41;18;38;8
02/06/2025;25066;25;36;29;8;13;2
31/05/2025;25065;4;11;27;37;39;3
28/05/2025;25064;26;32;25;38;4;4
26/05/2025;25063;41;24;36;33;45;7
24/05/2025;25062;49;39;45;14;32;9
21/05/2025;25061;11;49;10;18;7;3
19/05/2025;25060;8;30;43;42;33;4
17/05/2025;25059;18;13;9;12;14;3
14/05/2025;25058;34;42;31;12;43;10
12/05/2025;25057;12;24;6;16;2;4
10/05/2025;25056;49;12;42;29;13;9
07/05/2025;25055;32;36;1;41;46;9
05/05/2025;25054;8;34;38;47;9;3
03/05/2025;25053;38;39;37;19;42;5
30/04/2025;25052;8;31;42;3;5;8
28/04/2025;25051;6;3;14;35;36;2
26/04/2025;25050;39;15;23;45;3;9
23/04/2025;25049;5;3;35;20;15;8
21/04/2025;25048;5;13;30;48;8;5
19/04/2025;25047;19;11;32;16;20;6
16/04/2025;25046;13;38;27;40;39;10
14/04/2025;25045;33;40;25;31;37;9
12/04/2025;25044;3;18;10;13;47;1
09/04/2025;25043;36;16;12;47;46;9
07/04/2025;25042;21;34;13;38;2;1
05/04/2025;25041;14;30;22;8;27;7
02/04/2025;25040;45;5;34;15;4;9
31/03/2025;25039;3;4;28;16;38;4
29/03/2025;25038;14;31;41;7;12;5
26/03/2025;25037;4;41;21;19;11;7
24/03/2025;25036;35;29;47;46;21;1
22/03/2025;25035;3;49;36;20;23;6
19/03/2025;25034;15;14;3;45;12;3
17/03/2025;25033;16;32;26;9;20;7
15/03/2025;25032;27;6;31;21;40;7
12/03/2025;25031;21;10;24;32;16;7
10/03/2025;25030;23;24;13;15;39;1
08/03/2025;25029;18;2;10;3;11;2
05/03/2025;25028;47;28;7;26;30;4
03/03/2025;25027;41;13;28;6;4;1
01/03/2025;25026;14;28;33;9;8;4
26/02/2025;25025;44;11;3;15;17;9
24/02/2025;25024;32;5;13;38;46;5
22/02/2025;25023;28;30;23;39;25;7
19/02/2025;25022;42;23;16;32;28;5
17/02/2025;25021;40;3;14;20;34;6
15/02/2025;25020;48;42;13;49;6;3
12/02/2025;25019;1;37;41;30;23;5
10/02/2025;25018;39;44;12;29;2;6
08/02/2025;25017;49;26;11;43;42;8
05/02/2025;25016;14;8;24;28;5;9
03/02/2025;25015;29;48;32;27;44;8
01/02/2025;25014;34;46;11;30;36;5
29/01/2025;25013;29;41;17;27;19;2
27/01/2025;25012;24;39;48;3;10;3
25/01/2025;25011;45;35;44;5;19;8
22/01/2025;25010;29;36;23;44;38;9
20/01/2025;25009;19;28;36;40;6;2
18/01/2025;25008;11;1;4;33;44;7
15/01/2025;25007;1;22;40;27;28;2
13/01/2025;25006;31;3;24;41;7;2
11/01/2025;25005;42;20;6;29;41;9
08/01/2025;25004;14;34;38;24;26;8
06/01/2025;25003;3;31;8;16;42;7
04/01/2025;25002;17;20;9;19;29;2
01/01/2025;25001;8;11;2;25;21;4
30/12/2024;24157;13;31;29;1;21;10
28/12/2024;24156;31;7;37;39;13;6
25/12/2024;24155;46;6;22;44;13;8
23/12/2024;24154;22;17;38;2;13;7
21/12/2024;24153;41;16;6;28;36;8
18/12/2024;24152;8;27;26;46;14;2
16/12/2024;24151;43;5;26;36;6;3
14/12/2024;24150;30;22;44;40;24;7
11/12/2024;24149;28;24;8;43;19;6
09/12/2024;24148;38;5;9;25;6;6
07/12/2024;24147;9;21;24;30;28;9
04/12/2024;24146;40;21;7;34;3;1
02/12/2024;24145;48;16;22;41;4;10
30/11/2024;24144;21;4;10;38;19;1
27/11/2024;24143;15;7;31;35;20;6
25/11/2024;24142;13;7;37;49;3;5
23/11/2024;24141;37;33;36;34;20;2
20/11/2024;24140;35;37;45;48;27;5
18/11/2024;24139;17;12;3;8;6;9
16/11/2024;24138;46;5;29;7;19;4
13/11/2024;24137;9;12;32;39;13;10
11/11/2024;24136;8;35;46;6;11;6
09/11/2024;24135;36;12;35;23;26;8
06/11/2024;24134;26;8;23;15;6;5
04/11/2024;24133;17;15;16;39;35;2
02/11/2024;24132;31;49;43;21;1;6
30/10/2024;24131;4;44;10;29;8;1
28/10/2024;24130;21;39;43;9;41;3
26/10/2024;24129;9;17;30;20;11;8
23/10/2024;24128;27;1;34;44;40;2
21/10/2024;24127;7;34;19;15;11;7
19/10/2024;24126;10;2;44;46;45;5
16/10/2024;24125;1;25;48;21;35;3
14/10/2024;24124;42;18;47;41;20;2
12/10/2024;24123;35;33;43;6;37;6
09/10/2024;24122;5;26;22;31;33;7
07/10/2024;24121;49;26;5;7;1;8
05/10/2024;24120;30;16;7;13;43;6
02/10/2024;24119;2;10;4;49;12;9
30/09/2024;24118;1;33;49;24;17;9
28/09/2024;24117;47;39;4;42;45;1
25/09/2024;24116;5;25;10;6;1;9
23/09/2024;24115;9;40;28;27;7;6
21/09/2024;24114;32;30;4;2;19;9
18/09/2024;24113;2;44;42;47;23;5
16/09/2024;24112;27;31;48;30;17;8
14/09/2024;24111;15;32;11;49;6;4
11/09/2024;24110;28;30;10;39;24;5
09/09/2024;24109;18;8;41;17;3;3
07/09/2024;24108;48;43;31;9;15;9
04/09/2024;24107;4;2;26;22;40;8
02/09/2024;24106;27;12;26;6;5;6
31/08/2024;24105;43;18;28;40;14;1
28/08/2024;24104;42;30;11;33;37;3
26/08/2024;24103;6;28;3;12;24;2
24/08/2024;24102;13;29;30;20;36;5
21/08/2024;24101;3;20;15;31;19;7
19/08/2024;24100;10;18;20;19;28;5
17/08/2024;24099;3;4;22;48;49;1
14/08/2024;24098;25;17;46;28;23;5
12/08/2024;24097;16;18;45;38;31;8
10/08/2024;24096;36;31;37;28;17;10
07/08/2024;24095;27;47;24;39;46;9
05/08/2024;24094;24;21;7;31;27;3
03/08/2024;24093;47;4;2;14;34;2
31/07/2024;24092;25;3;45;47;49;7
29/07/2024;24091;20;22;32;34;31;7
27/07/2024;24090;21;8;28;42;47;4
24/07/2024;24089;40;11;18;8;47;2
22/07/2024;24088;49;35;25;27;42;9
20/07/2024;24087;5;30;16;47;15;7
17/07/2024;24086;35;40;17;6;47;4
15/07/2024;24085;4;10;30;38;24;10
13/07/2024;24084;21;5;6;24;42;8
10/07/2024;24083;16;3;5;39;11;9
08/07/2024;24082;7;42;31;8;24;6
06/07/2024;24081;46;13;47;18;34;5
03/07/2024;24080;4;1;24;21;42;3
01/07/2024;24079;22;7;28;6;3;7
29/06/2024;24078;17;24;30;43;1;7
26/06/2024;24077;21;10;38;41;25;8
24/06/2024;24076;48;47;6;45;1;6
22/06/2024;24075;10;34;25;38;29;3
19/06/2024;24074;35;11;18;46;30;2
17/06/2024;24073;28;6;11;46;25;2
15/06/2024;24072;8;16;42;30;40;2
12/06/2024;24071;28;3;6;33;13;4
10/06/2024;24070;47;5;34;28;39;8
08/06/2024;24069;35;39;18;43;31;7
05/06/2024;24068;4;6;35;47;7;1
03/06/2024;24067;9;15;39;49;48;7
01/06/2024;24066;27;2;48;43;3;8
29/05/2024;24065;10;19;28;38;37;7
27/05/2024;24064;41;19;32;42;47;1
25/05/2024;24063;19;26;42;18;20;1
22/05/2024;24062;46;23;21;32;20;10
20/05/2024;24061;12;32;36;6;29;8
18/05/2024;24060;14;34;37;15;45;2
15/05/2024;24059;21;16;9;20;15;1
13/05/2024;24058;26;13;25;12;18;4
11/05/2024;24057;6;39;24;13;43;8
08/05/2024;24056;7;34;6;3;36;7
06/05/2024;24055;1;4;35;39;21;5
04/05/2024;24054;2;16;19;12;6;3
01/05/2024;24053;17;42;25;5;15;7
29/04/2024;24052;49;47;20;3;30;7
27/04/2024;24051;18;34;27;14;44;6
24/04/2024;24050;38;25;40;41;39;7
22/04/2024;24049;48;20;39;8;47;1
20/04/2024;24048;13;10;22;24;16;7
17/04/2024;24047;48;6;8;17;24;10
15/04/2024;24046;24;2;21;36;31;6
13/04/2024;24045;45;7;29;19;38;8
10/04/2024;24044;18;1;33;9;39;2
08/04/2024;24043;2;22;46;21;49;9
06/04/2024;24042;27;2;36;43;6;5
03/04/2024;24041;26;46;5;12;36;4
01/04/2024;24040;9;17;15;12;26;8
30/03/2024;24039;40;41;28;8;42;2
27/03/2024;24038;28;45;2;15;23;7
25/03/2024;24037;37;1;22;26;31;5
23/03/2024;24036;47;49;20;34;32;1
20/03/2024;24035;24;46;3;22;32;5
18/03/2024;24034;36;48;30;20;40;8
16/03/2024;24033;12;10;37;25;49;2
13/03/2024;24032;5;29;4;10;13;1
11/03/2024;24031;18;48;36;16;45;10
09/03/2024;24030;29;28;25;7;35;2
06/03/2024;24029;12;8;43;46;49;8
04/03/2024;24028;25;8;18;27;37;8
02/03/2024;24027;20;13;27;26;17;4
28/02/2024;24026;2;38;46;27;43;3
26/02/2024;24025;7;45;30;8;20;10
24/02/2024;24024;14;45;37;22;25;3
21/02/2024;24023;42;22;9;33;45;3
19/02/2024;24022;35;23;16;42;8;2
17/02/2024;24021;2;19;13;23;36;3
14/02/2024;24020;28;15;3;46;36;2
12/02/2024;24019;36;40;5;30;43;1
10/02/2024;24018;44;15;37;34;40;8
07/02/2024;24017;24;13;23;6;34;4
05/02/2024;24016;36;3;33;34;42;2
03/02/2024;24015;42;4;23;15;12;1
31/01/2024;24014;34;2;13;15;31;8
29/01/2024;24013;27;26;8;9;15;4
27/01/2024;24012;47;2;14;33;30;5
24/01/2024;24011;25;9;34;31;32;5
22/01/2024;24010;32;29;37;20;5;9
20/01/2024;24009;19;41;42;43;45;2
17/01/2024;24008;29;8;37;22;39;10
15/01/2024;24007;11;7;15;23;19;4
13/01/2024;24006;12;15;21;29;48;6
10/01/2024;24005;12;28;32;45;38;9
08/01/2024;24004;6;48;11;49;46;2
06/01/2024;24003;49;19;22;40;45;2
03/01/2024;24002;36;1;45;9;14;3
01/01/2024;24001;4;41;16;13;6;10
30/12/2023;23156;36;12;7;11;38;6
27/12/2023;23155;16;41;26;28;13;8
25/12/2023;23154;9;32;7;47;1;1
23/12/2023;23153;39;28;26;5;29;10
20/12/2023;23152;2;3;29;30;31;10
18/12/2023;23151;30;3;15;41;16;9
16/12/2023;23150;1;15;12;30;44;1
13/12/2023;23149;4;19;22;18;7;10
11/12/2023;23148;25;48;16;12;49;10
09/12/2023;23147;40;34;36;28;15;10
06/12/2023;23146;29;1;43;37;27;7
04/12/2023;23145;41;44;38;8;10;2
02/12/2023;23144;25;19;12;11;28;4
29/11/2023;23143;21;30;6;31;10;1
27/11/2023;23142;19;8;46;26;9;9
25/11/2023;23141;1;9;19;13;11;8
22/11/2023;23140;18;45;41;4;17;2
20/11/2023;23139;30;15;34;46;41;2
18/11/2023;23138;12;21;48;29;20;3
15/11/2023;23137;22;7;16;30;2;1
13/11/2023;23136;46;39;23;45;13;7
11/11/2023;23135;17;22;35;25;19;6
08/11/2023;23134;2;49;1;36;14;9
06/11/2023;23133;18;10;40;34;31;10
04/11/2023;23132;20;13;46;40;25;7
01/11/2023;23131;32;46;27;1;16;1
30/10/2023;23130;30;34;8;1;13;4
28/10/2023;23129;31;38;22;32;34;2
25/10/2023;23128;22;12;30;35;33;10
23/10/2023;23127;10;3;40;26;22;4
21/10/2023;23126;47;14;28;3;25;10
18/10/2023;23125;22;13;46;49;3;1
16/10/2023;23124;6;7;37;25;47;9
14/10/2023;23123;13;14;27;4;20;1
11/10/2023;23122;10;16;15;6;24;8
09/10/2023;23121;9;16;32;30;23;6
07/10/2023;23120;5;12;42;9;26;2
04/10/2023;23119;26;21;40;27;31;1
02/10/2023;23118;6;40;17;15;3;1
30/09/2023;23117;33;48;25;23;41;1
27/09/2023;23116;44;14;30;25;17;3
25/09/2023;23115;4;13;27;46;21;4
23/09/2023;23114;26;28;40;37;6;8
20/09/2023;23113;48;19;37;16;29;1
18/09/2023;23112;5;30;40;35;17;6
16/09/2023;23111;42;43;32;40;15;4
13/09/2023;23110;11;27;30;48;49;8
11/09/2023;23109;31;44;40;13;28;6
09/09/2023;23108;15;7;3;42;4;4
06/09/2023;23107;47;30;15;33;4;10
04/09/2023;23106;27;13;2;11;36;10
02/09/2023;23105;10;33;47;1;7;10
30/08/2023;23104;46;31;20;45;39;10
28/08/2023;23103;9;35;23;37;28;7
26/08/2023;23102;15;14;21;34;45;5
23/08/2023;23101;46;29;25;8;34;7
21/08/2023;23100;3;17;4;36;22;6
19/08/2023;23099;27;8;32;11;4;10
16/08/2023;23098;24;41;19;35;27;9
14/08/2023;23097;44;13;3;27;49;9
12/08/2023;23096;9;20;44;1;39;9
09/08/2023;23095;6;31;45;14;3;9
07/08/2023;23094;11;1;15;48;47;7
05/08/2023;23093;40;42;2;7;10;2
02/08/2023;23092;18;12;32;9;23;9
31/07/2023;23091;1;47;22;33;4;1
29/07/2023;23090;1;49;29;18;37;4
26/07/2023;23089;17;49;18;28;11;7
24/07/2023;23088;12;1;31;45;17;7
22/07/2023;23087;37;33;42;36;31;3
19/07/2023;23086;35;5;39;19;11;9
17/07/2023;23085;47;6;20;9;41;9
15/07/2023;23084;7;32;42;45;12;6
12/07/2023;23083;31;18;34;27;26;8
10/07/2023;23082;14;3;10;44;8;2
08/07/2023;23081;6;19;48;32;10;5
05/07/2023;23080;22;8;19;7;15;5
03/07/2023;23079;42;23;2;8;35;7
01/07/2023;3078;24;7;18;15;9;10
28/06/2023;3077;49;34;36;12;42;10
26/06/2023;3076;14;21;48;16;26;3
24/06/2023;3075;30;40;3;21;2;4
21/06/2023;3074;20;35;27;19;12;4
19/06/2023;3073;39;42;38;29;49;3
17/06/2023;3072;28;43;29;38;44;3
14/06/2023;3071;14;9;16;12;33;2
12/06/2023;3070;12;26;28;19;21;2
10/06/2023;3069;28;16;11;32;49;10
07/06/2023;3068;41;28;3;4;23;8
05/06/2023;3067;3;46;25;10;13;5
03/06/2023;3066;46;44;37;2;39;4
31/05/2023;3065;43;9;40;28;13;3
29/05/2023;3064;12;38;28;24;36;3
27/05/2023;3063;25;24;31;34;9;9
24/05/2023;3062;20;11;36;17;28;10
22/05/2023;3061;43;33;42;22;37;4
20/05/2023;3060;25;18;3;8;37;6
17/05/2023;3059;8;2;11;47;40;7
15/05/2023;3058;12;9;48;7;29;4
13/05/2023;23057;43;6;25;34;9;5
10/05/2023;23056;45;12;44;15;9;1
08/05/2023;23055;43;47;16;39;4;5
06/05/2023;23054;47;25;42;2;30;10
03/05/2023;23053;17;23;13;20;45;8
01/05/2023;23052;15;41;33;44;5;10
29/04/2023;23051;40;48;36;22;3;5
26/04/2023;23050;3;18;24;11;14;10
24/04/2023;23049;41;23;25;1;49;2
22/04/2023;23048;12;26;48;13;35;1
19/04/2023;23047;43;41;5;46;34;5
17/04/2023;23046;3;18;42;13;43;9
15/04/2023;23045;32;17;15;19;29;10
12/04/2023;23044;18;26;10;30;15;7
10/04/2023;23043;45;24;15;10;49;2
08/04/2023;23042;19;35;48;3;42;10
05/04/2023;23041;31;33;16;29;39;2
03/04/2023;23040;49;15;39;31;46;4
01/04/2023;23039;44;48;17;12;35;8
29/03/2023;23038;34;1;32;14;11;9
27/03/2023;23037;1;11;23;41;34;9
25/03/2023;23036;3;34;29;7;11;4
22/03/2023;23035;24;38;33;12;20;2
20/03/2023;23034;38;19;10;26;7;8
18/03/2023;23033;7;31;8;48;32;5
15/03/2023;23032;37;20;15;5;17;2
13/03/2023;23031;47;45;35;42;19;2
11/03/2023;23030;6;34;14;33;18;6
08/03/2023;23029;10;7;46;16;35;5
06/03/2023;23028;24;38;41;18;5;7
04/03/2023;23027;42;40;35;25;12;6
01/03/2023;23026;18;39;45;14;21;8
27/02/2023;23025;5;37;14;6;2;1
25/02/2023;23024;34;19;3;1;43;3
22/02/2023;23023;37;35;3;24;31;4
20/02/2023;23022;35;43;41;22;16;7
18/02/2023;23021;12;24;1;13;5;9
15/02/2023;23020;20;24;5;44;28;6
13/02/2023;23019;20;8;33;27;35;2
11/02/2023;23018;43;9;15;47;45;9
08/02/2023;23017;44;24;16;21;34;7
06/02/2023;23016;32;13;5;21;6;3
04/02/2023;23015;42;26;31;13;16;2
01/02/2023;23014;12;48;38;35;9;5
30/01/2023;23013;35;27;8;30;34;5
28/01/2023;23012;15;44;5;30;45;5
25/01/2023;23011;32;26;44;18;21;10
23/01/2023;23010;28;6;10;35;32;9
21/01/2023;23009;41;4;45;18;24;6
18/01/2023;23008;7;35;48;39;11;8
16/01/2023;23007;5;31;10;19;28;4
14/01/2023;23006;22;36;40;13;14;9
11/01/2023;23005;8;16;17;3;47;9
09/01/2023;23004;38;1;48;30;20;3
07/01/2023;23003;8;43;7;21;34;6
04/01/2023;23002;3;5;49;38;25;10
02/01/2023;23001;49;39;45;41;1;5
31/12/2022;22157;35;39;16;11;23;8
28/12/2022;22156;29;1;3;35;8;8
26/12/2022;22155;6;23;32;49;48;4
24/12/2022;22154;12;41;47;46;6;6
21/12/2022;22153;11;22;15;12;21;7
19/12/2022;22152;43;35;6;31;36;4
17/12/2022;22151;46;27;42;23;8;3
14/12/2022;22150;15;37;4;20;6;10
12/12/2022;22149;46;25;47;2;35;10
10/12/2022;22148;6;43;29;13;27;2
07/12/2022;22147;2;12;38;15;10;5
05/12/2022;22146;36;45;9;24;17;7
03/12/2022;22145;32;19;34;26;27;9
30/11/2022;22144;44;18;28;49;30;5
28/11/2022;22143;24;46;9;2;13;6
26/11/2022;22142;5;7;28;23;2;5
23/11/2022;22141;46;36;45;15;19;4
21/11/2022;22140;45;33;47;15;23;7
19/11/2022;22139;40;24;19;1;28;8
16/11/2022;22138;1;8;48;38;3;1
14/11/2022;22137;28;23;34;44;14;5
12/11/2022;22136;14;44;34;25;4;7
09/11/2022;22135;15;2;1;41;30;9
07/11/2022;22134;24;8;9;40;31;7
05/11/2022;22133;40;6;38;23;32;10
02/11/2022;22132;45;7;38;4;26;2
31/10/2022;22131;34;25;45;44;4;7
29/10/2022;22130;33;28;48;44;26;4
26/10/2022;22129;45;30;4;2;23;5
24/10/2022;22128;43;28;33;37;29;1
22/10/2022;22127;12;2;25;35;7;10
19/10/2022;22126;35;16;38;46;25;8
17/10/2022;22125;38;49;20;16;40;2
15/10/2022;22124;31;16;27;24;46;1
12/10/2022;22123;17;44;7;40;39;3
10/10/2022;22122;19;40;32;13;46;7
08/10/2022;22121;17;20;48;16;34;7
05/10/2022;22120;32;23;39;35;14;7
03/10/2022;22119;20;40;31;7;23;1
01/10/2022;22118;8;7;35;36;26;2
28/09/2022;22117;12;39;26;14;29;10
26/09/2022;22116;29;49;35;18;39;1
24/09/2022;22115;25;6;32;7;4;10
21/09/2022;22114;3;12;22;9;37;10
19/09/2022;22113;5;7;44;15;33;1
17/09/2022;22112;12;17;1;20;3;3
14/09/2022;22111;40;10;38;26;45;1
12/09/2022;22110;4;49;20;7;21;10
10/09/2022;22109;25;3;8;49;24;5
07/09/2022;22108;20;35;30;3;29;9
05/09/2022;22107;5;1;35;27;40;4
03/09/2022;22106;35;24;44;38;32;6
31/08/2022;22105;9;39;10;15;45;7
29/08/2022;22104;5;10;28;34;22;4
27/08/2022;22103;32;39;22;11;34;3
24/08/2022;22102;39;42;36;27;22;10
22/08/2022;22101;39;46;2;9;44;9
20/08/2022;22100;21;38;17;1;46;2
17/08/2022;22099;16;5;14;29;17;3
15/08/2022;22098;34;4;48;42;22;3
13/08/2022;22097;17;38;37;11;39;2
10/08/2022;22096;15;35;11;28;9;2
08/08/2022;22095;41;22;3;37;40;2
06/08/2022;22094;37;28;23;38;6;1
03/08/2022;22093;45;10;5;40;32;5
01/08/2022;22092;38;1;4;23;30;6
30/07/2022;22091;14;21;24;2;38;6
27/07/2022;22090;13;43;31;47;46;10
25/07/2022;22089;26;42;13;7;24;2
23/07/2022;22088;15;47;39;25;41;9
20/07/2022;22087;29;21;31;47;17;4
18/07/2022;22086;18;29;49;37;5;8
16/07/2022;22085;3;33;4;49;14;3
13/07/2022;22084;30;48;7;31;46;3
11/07/2022;22083;10;5;49;47;1;1
09/07/2022;22082;37;24;34;9;8;2
06/07/2022;22081;43;16;10;25;44;4
04/07/2022;22080;18;20;4;12;26;8
02/07/2022;20222079;32;20;22;46;34;9
29/06/2022;20222078;16;47;43;24;26;9
27/06/2022;20222077;34;31;36;24;37;1
25/06/2022;20222076;2;47;40;31;49;9
22/06/2022;20222075;17;40;10;27;23;2
20/06/2022;20222074;27;47;23;48;14;3
18/06/2022;20222073;31;1;12;32;28;9
15/06/2022;20222072;11;37;44;13;21;6
13/06/2022;20222071;44;45;46;43;31;10
11/06/2022;20222070;7;28;4;11;10;8
08/06/2022;20222069;38;33;39;27;26;5
06/06/2022;20222068;20;5;22;23;18;5
04/06/2022;20222067;9;23;17;42;6;5
01/06/2022;20222066;33;4;35;22;2;7
30/05/2022;20222065;22;12;38;13;14;2
28/05/2022;20222064;20;27;21;26;7;7
25/05/2022;20222063;37;30;24;27;45;10
23/05/2022;20222062;30;26;48;41;47;6
21/05/2022;20222061;1;12;41;7;21;4
18/05/2022;20222060;14;23;22;45;36;7
16/05/2022;20222059;21;33;4;14;32;1
14/05/2022;20222058;4;44;29;32;24;4
11/05/2022;20222057;23;45;7;2;46;10
09/05/2022;20222056;6;33;7;9;15;2
07/05/2022;20222055;23;37;38;7;15;3
04/05/2022;20222054;37;30;17;12;41;2
02/05/2022;20222053;46;20;13;47;8;7
30/04/2022;20222052;6;27;5;21;47;9
27/04/2022;20222051;8;13;1;43;31;10
25/04/2022;20222050;31;36;42;23;8;7
23/04/2022;20222049;44;20;11;9;42;4
20/04/2022;20222048;45;46;4;13;33;7
18/04/2022;20222047;10;39;33;9;47;5
16/04/2022;20222046;4;41;30;27;21;6
13/04/2022;20222045;36;29;44;46;35;8
11/04/2022;20222044;32;3;22;18;17;10
09/04/2022;20222043;3;15;13;29;40;10
06/04/2022;20222042;6;20;48;12;38;7
04/04/2022;20222041;23;22;33;36;10;6
02/04/2022;20222040;15;6;11;28;24;10
30/03/2022;20222039;12;34;16;26;10;7
28/03/2022;20222038;16;48;21;5;26;10
26/03/2022;20222037;40;10;37;34;12;5
23/03/2022;20222036;20;2;29;39;18;10
21/03/2022;20222035;10;26;46;35;5;9
19/03/2022;20222034;44;38;33;49;41;7
16/03/2022;20222033;1;49;12;39;24;3
14/03/2022;20222032;11;5;32;49;9;6
12/03/2022;20222031;16;47;33;21;5;5
09/03/2022;20222030;32;8;21;41;25;4
07/03/2022;20222029;8;27;29;15;41;4
05/03/2022;20222028;37;26;36;14;1;3
02/03/2022;20222027;46;4;3;43;22;6
28/02/2022;20222026;43;9;21;36;27;2
26/02/2022;20222025;29;39;28;22;30;3
23/02/2022;20222024;33;15;6;12;14;8
21/02/2022;20222023;2;6;10;32;17;5
19/02/2022;20222022;32;24;49;39;40;1
16/02/2022;20222021;22;24;41;21;32;2
14/02/2022;20222020;26;13;29;15;20;5
12/02/2022;20222019;45;22;28;40;37;10
09/02/2022;20222018;44;48;31;46;21;1
07/02/2022;20222017;37;15;18;31;46;3
05/02/2022;20222016;48;31;24;11;38;9
02/02/2022;20222015;11;37;49;28;40;4
31/01/2022;20222014;25;32;31;36;10;8
29/01/2022;20222013;42;29;25;46;8;9
26/01/2022;20222012;14;16;33;38;45;10
24/01/2022;20222011;15;38;7;4;40;2
22/01/2022;20222010;26;3;39;17;30;8
19/01/2022;20222009;44;27;41;8;43;6
17/01/2022;20222008;4;27;5;15;22;9
15/01/2022;20222007;19;10;30;13;47;8
12/01/2022;20222006;23;20;1;26;44;4
10/01/2022;20222005;14;43;34;41;35;9
08/01/2022;20222004;22;42;43;17;25;10
05/01/2022;20222003;17;45;30;32;6;4
03/01/2022;20222002;33;36;34;38;22;5
01/01/2022;20222001;30;36;14;6;39;5
29/12/2021;20211156;21;18;33;49;48;7
27/12/2021;20211155;32;20;6;12;14;8
25/12/2021;20211154;6;25;48;21;37;10
22/12/2021;20211153;41;20;46;11;24;1
20/12/2021;20211152;22;23;12;47;25;1
18/12/2021;20211151;10;46;2;31;38;8
15/12/2021;20211150;34;47;11;37;38;8
13/12/2021;20211149;23;38;36;18;19;1
11/12/2021;20211148;16;45;34;42;26;9
08/12/2021;20211147;28;26;1;30;16;4
06/12/2021;20211146;29;16;36;7;15;6
04/12/2021;20211145;23;18;34;5;44;5
01/12/2021;20211144;26;18;3;49;46;6
29/11/2021;20211143;30;26;35;44;31;4
27/11/2021;20211142;25;28;46;12;27;4
24/11/2021;20211141;14;34;39;24;47;8
22/11/2021;20211140;19;12;8;41;16;5
20/11/2021;20211139;44;9;18;17;42;8
17/11/2021;20211138;37;40;36;4;43;6
15/11/2021;20211137;34;7;8;41;42;8
13/11/2021;20211136;39;13;12;31;26;6
10/11/2021;20211135;31;12;9;40;41;2
08/11/2021;20211134;44;32;11;48;7;3
06/11/2021;20211133;19;2;18;22;4;3
03/11/2021;20211132;7;39;31;38;42;10
01/11/2021;20211131;47;27;26;43;1;6
30/10/2021;20211130;46;11;43;12;30;9
27/10/2021;20211129;41;16;44;27;15;9
25/10/2021;20211128;31;48;43;37;3;10
23/10/2021;20211127;6;36;35;10;48;9
20/10/2021;20211126;26;35;16;22;42;4
18/10/2021;20211125;41;27;36;35;9;6
16/10/2021;20211124;23;15;46;5;37;10
13/10/2021;20211123;21;20;19;43;49;10
11/10/2021;20211122;26;7;1;9;28;3
09/10/2021;20211121;22;29;19;15;34;3
06/10/2021;20211120;44;34;20;8;41;2
04/10/2021;20211119;44;15;5;19;7;1
02/10/2021;20211118;6;46;35;20;8;9
29/09/2021;20211117;6;39;28;13;33;10
27/09/2021;20211116;12;26;31;40;37;3
25/09/2021;20211115;20;35;49;18;16;1
22/09/2021;20211114;5;40;13;14;9;1
20/09/2021;20211113;12;10;45;15;31;5
18/09/2021;20211112;39;38;21;2;9;2
15/09/2021;20211111;48;22;4;30;27;7
13/09/2021;20211110;4;30;24;21;40;4
11/09/2021;20211109;5;3;49;33;15;8
08/09/2021;20211108;7;34;27;12;15;4
06/09/2021;20211107;3;31;36;13;40;9
04/09/2021;20211106;41;49;30;45;35;3
01/09/2021;20211105;49;27;32;24;17;7
30/08/2021;20211104;32;34;18;44;3;9
28/08/2021;20211103;48;43;46;11;8;9
25/08/2021;20211102;19;9;29;26;3;8
23/08/2021;20211101;13;22;31;11;21;6
21/08/2021;20211100;46;8;2;19;29;2
18/08/2021;20211099;4;7;12;24;25;2
16/08/2021;20211098;22;27;13;10;49;4
14/08/2021;20211097;4;28;42;49;35;7
11/08/2021;20211096;43;13;21;5;6;4
09/08/2021;20211095;37;43;45;28;38;3
07/08/2021;20211094;7;24;36;6;47;10
04/08/2021;20211093;21;36;22;20;44;10
02/08/2021;20211092;24;44;46;42;7;2
31/07/2021;20211091;22;6;46;7;17;3
28/07/2021;20211090;1;28;3;29;8;6
26/07/2021;20211089;42;5;34;21;37;10
24/07/2021;20211088;24;40;5;31;22;9
21/07/2021;20211087;27;25;6;37;32;9
19/07/2021;20211086;3;28;15;4;2;5
17/07/2021;20211085;31;8;47;11;17;6
14/07/2021;20211084;36;18;38;31;29;10
12/07/2021;20211083;38;31;8;37;30;1
10/07/2021;20211082;43;3;38;42;46;1
07/07/2021;20211081;37;18;8;44;46;2
05/07/2021;20211080;43;36;3;32;45;2
03/07/2021;20211079;33;48;13;2;19;2
30/06/2021;20211078;8;44;6;48;31;9
28/06/2021;20211077;4;28;48;8;15;1
26/06/2021;20211076;37;24;38;13;45;6
23/06/2021;20211075;1;16;6;3;40;1
21/06/2021;20211074;44;21;25;18;47;10
19/06/2021;20211073;3;44;46;27;14;6
16/06/2021;20211072;22;23;35;46;3;9
14/06/2021;20211071;40;12;47;21;19;7
12/06/2021;20211070;9;2;5;29;10;1
09/06/2021;20211069;16;33;41;2;24;8
07/06/2021;20211068;6;28;34;7;11;8
05/06/2021;20211067;45;16;6;37;25;9
02/06/2021;20211066;33;34;25;3;26;6
31/05/2021;20211065;25;3;13;32;47;9
29/05/2021;20211064;32;4;36;44;9;3
26/05/2021;20211063;20;1;22;5;42;6
24/05/2021;20211062;11;44;47;29;7;9
22/05/2021;20211061;9;2;45;19;7;10
19/05/2021;20211060;28;17;41;3;23;3
17/05/2021;20211059;23;42;3;17;47;4
15/05/2021;20211058;7;31;29;24;47;3
12/05/2021;20211057;19;11;22;36;9;1
10/05/2021;20211056;44;12;13;17;27;10
08/05/2021;20211055;41;35;40;6;24;6
05/05/2021;20211054;36;48;46;41;8;6
03/05/2021;20211053;44;8;11;48;37;6
01/05/2021;20211052;27;25;5;34;38;7
28/04/2021;20211051;4;15;10;49;12;6
26/04/2021;20211050;2;34;41;32;8;6
24/04/2021;20211049;41;12;26;42;36;7
21/04/2021;20211048;45;31;6;49;39;4
19/04/2021;20211047;49;17;36;44;27;1
17/04/2021;20211046;38;37;17;34;30;1
14/04/2021;20211045;27;25;20;23;47;6
12/04/2021;20211044;43;14;26;7;11;7
10/04/2021;20211043;9;35;15;8;4;8
07/04/2021;20211042;35;19;9;16;43;4
05/04/2021;20211041;32;22;2;12;15;8
03/04/2021;20211040;17;1;38;2;45;2
31/03/2021;20211039;2;27;24;35;22;5
29/03/2021;20211038;41;28;18;13;38;1
27/03/2021;20211037;16;11;18;8;10;5
24/03/2021;20211036;22;38;28;37;9;10
22/03/2021;20211035;15;6;34;39;24;4
20/03/2021;20211034;42;18;14;4;27;3
17/03/2021;20211033;45;18;46;3;30;3
15/03/2021;20211032;29;38;33;15;41;2
13/03/2021;20211031;47;22;19;4;10;8
10/03/2021;20211030;26;42;33;20;34;9
08/03/2021;20211029;24;8;38;19;40;10
06/03/2021;20211028;11;22;3;13;30;8
03/03/2021;20211027;38;8;41;49;19;7
01/03/2021;20211026;4;14;21;47;8;9
27/02/2021;20211025;4;29;42;43;11;10
24/02/2021;20211024;47;18;41;10;19;2
22/02/2021;20211023;3;37;26;15;24;7
20/02/2021;20211022;21;36;19;39;49;5
17/02/2021;20211021;34;31;35;41;29;8
15/02/2021;20211020;13;22;17;6;12;7
13/02/2021;20211019;13;17;31;28;9;10
10/02/2021;20211018;44;13;29;15;33;4
08/02/2021;20211017;19;10;9;29;5;8
06/02/2021;20211016;44;42;15;9;47;10
03/02/2021;20211015;17;31;26;37;21;10
01/02/2021;20211014;1;18;45;17;21;9
30/01/2021;20211013;17;5;33;9;37;4
27/01/2021;20211012;27;44;25;23;6;6
25/01/2021;20211011;13;31;49;7;3;5
23/01/2021;20211010;1;19;13;24;48;5
20/01/2021;20211009;21;11;22;40;32;9
18/01/2021;20211008;5;43;10;48;25;10
16/01/2021;20211007;44;20;14;22;36;2
13/01/2021;20211006;32;42;30;17;41;5
11/01/2021;20211005;33;46;8;17;1;5
09/01/2021;20211004;49;12;27;11;7;1
06/01/2021;20211003;41;21;32;47;11;9
04/01/2021;20211002;31;39;30;49;19;8
02/01/2021;20211001;5;27;7;24;41;10
30/12/2020;20200157;36;20;13;31;38;1
28/12/2020;20200156;41;34;42;22;1;5
26/12/2020;20200155;31;3;40;35;2;7
23/12/2020;20200154;5;3;39;31;38;9
21/12/2020;20200153;10;31;36;37;44;5
19/12/2020;20200152;30;29;49;23;10;5
16/12/2020;20200151;21;6;41;17;16;9
14/12/2020;20200150;47;48;13;34;2;6
12/12/2020;20200149;14;31;9;45;23;6
09/12/2020;20200148;47;17;48;39;24;7
07/12/2020;20200147;45;27;48;4;38;4
05/12/2020;20200146;34;20;14;35;9;1
02/12/2020;20200145;23;14;40;46;27;1
30/11/2020;20200144;28;9;26;29;18;3
28/11/2020;20200143;9;25;2;47;35;10
25/11/2020;20200142;1;26;14;31;10;4
23/11/2020;20200141;15;20;12;6;1;1
21/11/2020;20200140;49;17;44;5;46;4
18/11/2020;20200139;28;11;14;43;41;8
16/11/2020;20200138;7;47;16;33;42;7
14/11/2020;20200137;40;26;17;24;43;9
11/11/2020;20200136;15;17;10;37;16;9
09/11/2020;20200135;26;18;41;38;5;10
07/11/2020;20200134;45;5;48;42;30;9
04/11/2020;20200133;29;10;16;14;9;1
02/11/2020;20200132;42;43;38;33;31;3
31/10/2020;20200131;22;35;9;28;13;5
28/10/2020;20200130;25;43;30;2;19;9
26/10/2020;20200129;33;7;8;12;22;5
24/10/2020;20200128;8;25;4;12;45;2
21/10/2020;20200127;35;48;33;21;15;1
19/10/2020;20200126;7;35;48;28;25;1
17/10/2020;20200125;28;23;24;9;20;4
14/10/2020;20200124;19;42;32;26;39;6
12/10/2020;20200123;18;7;21;42;11;3
10/10/2020;20200122;48;26;31;47;42;8
07/10/2020;20200121;17;30;6;49;19;2
05/10/2020;20200120;6;22;19;5;9;5
03/10/2020;20200119;31;36;9;33;18;2
30/09/2020;20200118;26;24;49;32;2;5
28/09/2020;20200117;33;22;44;6;35;2
26/09/2020;20200116;4;31;49;8;39;9
23/09/2020;20200115;11;5;25;23;33;5
21/09/2020;20200114;46;41;38;19;16;9
19/09/2020;20200113;33;42;27;46;32;7
16/09/2020;20200112;28;19;49;23;17;7
14/09/2020;20200111;23;49;5;13;32;2
12/09/2020;20200110;16;46;12;21;24;2
09/09/2020;20200109;24;48;20;29;45;3
07/09/2020;20200108;37;35;31;44;14;7
05/09/2020;20200107;22;15;19;24;46;3
02/09/2020;20200106;14;23;21;47;3;3
31/08/2020;20200105;7;16;17;4;11;10
29/08/2020;20200104;23;15;38;21;39;4
26/08/2020;20200103;13;45;4;40;31;3
24/08/2020;20200102;28;18;22;37;19;2
22/08/2020;20200101;7;11;5;32;33;5
19/08/2020;20200100;35;11;13;4;34;1
17/08/2020;20200099;6;1;39;48;40;6
15/08/2020;20200098;5;41;3;42;15;7
12/08/2020;20200097;17;47;30;3;44;3
10/08/2020;20200096;28;38;2;1;11;6
08/08/2020;20200095;35;42;49;4;6;9
05/08/2020;20200094;46;32;22;15;17;8
03/08/2020;20200093;43;48;42;23;30;7
01/08/2020;20200092;17;18;25;38;9;9
29/07/2020;20200091;47;46;7;19;39;5
27/07/2020;20200090;19;24;45;15;25;3
25/07/2020;20200089;18;10;6;15;48;4
22/07/2020;20200088;4;28;38;20;18;1
20/07/2020;20200087;8;42;22;28;26;2
18/07/2020;20200086;11;42;22;34;43;4
15/07/2020;20200085;6;12;4;35;44;3
13/07/2020;20200084;24;3;35;46;2;8
11/07/2020;20200083;32;6;35;28;40;7
08/07/2020;20200082;30;48;37;9;26;8
06/07/2020;20200081;2;11;42;30;35;6
04/07/2020;20200080;23;13;27;44;36;6
01/07/2020;20200079;44;47;5;13;14;8
29/06/2020;20200078;21;29;20;47;46;7
27/06/2020;20200077;1;39;2;6;27;4
24/06/2020;20200076;36;8;31;34;17;7
22/06/2020;20200075;9;36;5;21;39;5
20/06/2020;20200074;8;24;33;38;14;5
17/06/2020;20200073;26;13;10;20;46;1
15/06/2020;20200072;22;49;26;2;47;2
13/06/2020;20200071;25;32;6;5;28;4
10/06/2020;20200070;47;36;20;11;9;2
08/06/2020;20200069;8;22;26;46;2;1
06/06/2020;20200068;14;7;43;44;29;5
03/06/2020;20200067;12;13;26;44;16;6
01/06/2020;20200066;24;26;2;36;32;7
30/05/2020;20200065;5;14;42;44;16;9
27/05/2020;20200064;29;6;12;44;31;6
25/05/2020;20200063;9;26;30;42;36;4
23/05/2020;20200062;22;28;3;23;29;2
20/05/2020;20200061;45;14;39;20;47;8
18/05/2020;20200060;20;30;35;14;10;9
16/05/2020;20200059;26;27;41;46;19;4
13/05/2020;20200058;43;4;17;38;49;8
11/05/2020;20200057;34;5;33;3;17;10
09/05/2020;20200056;48;39;29;47;35;7
06/05/2020;20200055;48;36;14;15;10;3
04/05/2020;20200054;39;8;9;33;15;10
02/05/2020;20200053;43;22;12;30;9;4
29/04/2020;20200052;25;29;47;5;7;1
27/04/2020;20200051;41;11;19;29;14;9
25/04/2020;20200050;49;6;24;13;10;3
22/04/2020;20200049;28;30;43;40;41;7
20/04/2020;20200048;37;5;9;7;41;6
18/04/2020;20200047;45;1;33;47;27;8
15/04/2020;20200046;16;1;31;48;3;6
13/04/2020;20200045;42;1;19;23;17;9
11/04/2020;20200044;8;43;1;48;41;7
08/04/2020;20200043;16;9;19;26;6;9
06/04/2020;20200042;23;29;18;35;7;4
04/04/2020;20200041;40;2;35;39;42;9
01/04/2020;20200040;41;48;42;28;3;6
30/03/2020;20200039;21;37;12;17;23;7
28/03/2020;20200038;35;23;26;32;22;5
25/03/2020;20200037;40;45;24;32;34;1
23/03/2020;20200036;28;49;5;48;21;2
21/03/2020;20200035;16;37;8;7;42;8
18/03/2020;20200034;48;10;46;28;29;9
16/03/2020;20200033;44;16;4;40;23;3
14/03/2020;20200032;28;41;38;31;43;10
11/03/2020;20200031;38;45;5;14;46;1
09/03/2020;20200030;26;41;5;33;42;7
07/03/2020;20200029;5;35;37;4;24;2
04/03/2020;20200028;10;17;33;30;49;4
02/03/2020;20200027;42;26;21;39;40;5
29/02/2020;20200026;37;24;19;10;5;6
26/02/2020;20200025;20;6;30;32;45;4
24/02/2020;20200024;20;15;27;9;47;7
22/02/2020;20200023;4;39;26;5;24;4
19/02/2020;20200022;40;16;21;41;46;2
17/02/2020;20200021;44;39;7;41;19;1
15/02/2020;20200020;48;4;25;5;45;7
12/02/2020;20200019;47;38;17;30;43;5
10/02/2020;20200018;15;49;37;25;38;8
08/02/2020;20200017;47;31;12;45;7;10
05/02/2020;20200016;30;21;6;11;29;4
03/02/2020;20200015;49;20;7;31;33;4
01/02/2020;20200014;36;25;22;21;16;9
29/01/2020;20200013;31;30;6;14;45;8
27/01/2020;20200012;27;12;10;7;41;1
25/01/2020;20200011;36;17;30;7;11;5
22/01/2020;20200010;25;28;42;26;12;10
20/01/2020;20200009;13;38;31;30;26;1
18/01/2020;20200008;12;1;33;13;2;9
15/01/2020;20200007;35;19;8;22;46;2
13/01/2020;20200006;16;11;25;32;14;9
11/01/2020;20200005;48;14;2;23;13;3
08/01/2020;20200004;17;44;29;16;37;8
06/01/2020;20200003;49;10;19;26;30;3
04/01/2020;20200002;22;9;43;31;34;5
01/01/2020;20200001;11;7;32;24;4;10
30/12/2019;20199156;12;38;34;32;48;6
28/12/2019;20199155;24;48;49;18;8;8
25/12/2019;20199154;36;40;45;24;15;9
23/12/2019;20199153;37;36;32;20;7;2
21/12/2019;20199152;48;23;27;19;22;2
18/12/2019;20199151;23;6;17;5;7;9
16/12/2019;20199150;38;26;39;35;10;6
14/12/2019;20199149;3;48;17;4;38;9
11/12/2019;20199148;25;33;48;1;40;8
09/12/2019;20199147;1;34;15;24;25;8
07/12/2019;20199146;40;29;44;38;10;8
04/12/2019;20199145;8;30;26;35;40;2
02/12/2019;20199144;39;28;14;11;42;9
30/11/2019;20199143;7;25;17;48;16;3
27/11/2019;20199142;44;2;15;29;18;4
25/11/2019;20199141;44;41;35;33;38;8
23/11/2019;20199140;4;27;28;9;22;4
20/11/2019;20199139;22;23;7;30;37;3
18/11/2019;20199138;31;44;6;15;12;7
16/11/2019;20199137;10;49;30;12;29;9
13/11/2019;20199136;22;13;10;35;19;1
11/11/2019;20199135;28;14;27;13;25;5
09/11/2019;20199134;26;24;6;18;29;3
06/11/2019;20199133;43;27;23;44;42;10
02/11/2019;2019131;41;1;18;16;13;3
30/10/2019;2019130;46;13;48;2;22;1
28/10/2019;2019129;46;17;36;35;18;4
26/10/2019;2019128;11;30;44;13;20;9
23/10/2019;2019127;49;44;31;33;40;1
21/10/2019;2019126;13;42;40;48;3;4
19/10/2019;2019125;36;23;24;31;32;8
16/10/2019;2019124;19;30;5;18;35;2
14/10/2019;2019123;16;48;18;24;6;9
12/10/2019;2019122;27;16;12;37;10;9
09/10/2019;2019121;14;39;17;44;36;5
07/10/2019;2019120;19;4;2;35;11;5
05/10/2019;2019119;30;2;38;16;31;5
02/10/2019;2019118;33;37;32;35;49;3
30/09/2019;2019117;43;2;33;23;47;2
28/09/2019;2019116;18;15;12;19;40;5
25/09/2019;2019115;7;1;26;22;15;3
23/09/2019;2019114;36;20;42;34;29;4
21/09/2019;2019113;15;42;41;44;8;10
18/09/2019;2019112;16;6;36;5;3;10
16/09/2019;2019111;42;35;31;32;13;5
14/09/2019;2019110;28;23;18;26;19;9
11/09/2019;2019109;35;19;6;27;14;10
09/09/2019;2019108;42;2;44;28;5;8
07/09/2019;2019107;16;12;27;30;2;2
04/09/2019;2019106;25;2;4;7;35;3
02/09/2019;2019105;6;2;44;33;21;4
31/08/2019;2019104;47;21;25;19;38;4
28/08/2019;2019103;14;25;47;7;42;5
26/08/2019;2019102;4;21;46;27;47;6
24/08/2019;2019101;23;31;15;38;17;4
21/08/2019;2019100;17;3;38;1;25;8
19/08/2019;2019099;14;31;7;28;2;3
17/08/2019;2019098;1;21;28;8;37;2
14/08/2019;2019097;45;17;27;48;34;2
12/08/2019;2019096;31;30;9;20;34;10
10/08/2019;2019095;37;4;12;9;18;3
07/08/2019;2019094;26;28;36;29;5;4
05/08/2019;2019093;5;45;22;26;33;9
03/08/2019;2019092;10;4;5;23;7;4
31/07/2019;2019091;32;18;8;36;30;5
29/07/2019;2019090;6;29;3;47;21;3
27/07/2019;2019089;25;28;39;47;31;8
24/07/2019;2019088;39;25;10;32;40;10
22/07/2019;2019087;28;37;44;11;7;3
20/07/2019;2019086;21;17;29;35;18;6
17/07/2019;2019085;26;4;27;47;28;8
15/07/2019;2019084;10;1;19;13;3;4
13/07/2019;2019083;27;18;49;37;48;10
10/07/2019;2019082;7;21;29;35;47;6
08/07/2019;2019081;26;11;38;20;33;10
06/07/2019;2019080;13;6;2;27;12;10
03/07/2019;2019079;39;38;8;31;45;8
01/07/2019;2019078;38;23;41;3;17;3
29/06/2019;2019077;46;42;1;4;3;3
26/06/2019;2019076;4;47;43;30;7;10
24/06/2019;2019075;33;16;1;32;45;6
22/06/2019;2019074;13;20;10;25;27;2
19/06/2019;2019073;45;46;4;36;18;5
17/06/2019;2019072;20;49;31;12;13;2
15/06/2019;2019071;2;13;20;30;37;6
12/06/2019;2019070;25;31;45;38;3;9
10/06/2019;2019069;9;24;18;49;39;8
08/06/2019;2019068;14;41;9;10;45;1
05/06/2019;2019067;28;47;26;38;17;7
03/06/2019;2019066;42;12;9;41;33;1
01/06/2019;2019065;35;26;13;45;20;3
29/05/2019;2019064;36;48;14;13;6;2
27/05/2019;2019063;33;13;28;18;42;9
25/05/2019;2019062;42;47;2;13;43;10
22/05/2019;2019061;1;48;27;49;37;1
20/05/2019;2019060;32;14;43;29;41;1
18/05/2019;2019059;19;4;10;42;46;5
15/05/2019;2019058;38;44;46;27;42;1
13/05/2019;2019057;15;24;37;40;41;4
11/05/2019;2019056;24;44;34;19;45;2
08/05/2019;2019055;2;16;4;20;35;5
06/05/2019;2019054;23;38;5;24;35;3
04/05/2019;2019053;38;18;3;24;29;9
01/05/2019;2019052;26;48;25;16;34;8
29/04/2019;2019051;33;43;39;6;29;2
27/04/2019;2019050;27;17;26;25;33;2
24/04/2019;2019049;3;11;35;13;15;3
22/04/2019;2019048;39;7;21;29;5;7
20/04/2019;2019047;4;30;15;49;45;3
17/04/2019;2019046;29;17;34;48;8;3
15/04/2019;2019045;32;44;40;17;38;6
13/04/2019;2019044;17;9;1;24;46;8
10/04/2019;2019043;22;23;14;42;16;5
08/04/2019;2019042;24;9;26;15;13;9
06/04/2019;2019041;19;26;13;27;24;7
03/04/2019;2019040;16;38;18;45;10;3
01/04/2019;2019039;32;14;35;46;11;10
30/03/2019;2019038;15;44;41;3;2;3
27/03/2019;2019037;49;45;25;10;19;1
25/03/2019;2019036;46;47;23;22;24;2
23/03/2019;2019035;12;1;40;28;26;6
20/03/2019;2019034;13;3;21;2;40;8
18/03/2019;2019033;38;23;45;24;44;6
16/03/2019;2019032;33;19;1;31;22;1
13/03/2019;2019031;29;5;20;8;32;3
11/03/2019;2019030;25;24;16;6;5;1
09/03/2019;2019029;32;47;43;35;15;10
06/03/2019;2019028;14;23;15;44;46;5
04/03/2019;2019027;4;15;11;36;33;2
02/03/2019;2019026;46;42;38;25;16;9
27/02/2019;2019025;14;1;34;19;4;2
25/02/2019;2019024;7;44;37;48;38;7
23/02/2019;2019023;3;45;13;4;44;5
20/02/2019;2019022;25;29;8;34;15;1
18/02/2019;2019021;18;9;11;33;7;9
16/02/2019;2019020;8;7;25;11;46;7
13/02/2019;2019019;43;41;29;14;7;3
11/02/2019;2019018;43;15;13;48;25;5
09/02/2019;2019017;47;40;45;42;3;9
06/02/2019;2019016;4;15;21;26;22;10
04/02/2019;2019015;40;12;37;24;42;1
02/02/2019;2019014;32;27;5;7;35;3
30/01/2019;2019013;20;47;15;11;30;9
28/01/2019;2019012;37;15;30;6;47;6
26/01/2019;2019011;30;14;12;16;42;2
23/01/2019;2019010;25;17;41;24;38;10
21/01/2019;2019009;17;26;30;47;20;6
19/01/2019;2019008;37;10;39;16;34;7
16/01/2019;2019007;15;11;10;1;31;3
14/01/2019;2019006;35;33;44;1;11;10
12/01/2019;2019005;19;24;11;34;25;8
09/01/2019;2019004;6;19;46;21;15;10
07/01/2019;2019003;1;19;12;31;7;10
05/01/2019;2019002;48;18;40;7;6;7
02/01/2019;2019001;36;12;29;2;26;7
31/12/2018;2018157;43;24;34;27;14;10
29/12/2018;2018156;26;30;42;38;12;5
26/12/2018;2018155;45;9;5;24;11;10
24/12/2018;2018154;10;22;34;43;46;2
22/12/2018;2018153;44;46;31;11;22;5
19/12/2018;2018152;21;3;25;10;11;3
17/12/2018;2018151;2;9;25;35;30;9
15/12/2018;2018150;38;1;3;32;30;6
12/12/2018;2018149;39;21;45;12;44;5
10/12/2018;2018148;8;34;16;13;37;10
08/12/2018;2018147;25;38;11;29;14;8
05/12/2018;2018146;6;19;41;17;18;9
03/12/2018;2018145;1;15;9;19;39;5
01/12/2018;2018144;15;6;3;23;39;2
28/11/2018;2018143;3;38;30;10;15;6
26/11/2018;2018142;36;30;34;14;21;2
24/11/2018;2018141;15;11;5;22;10;5
21/11/2018;2018140;22;45;20;21;23;10
19/11/2018;2018139;33;46;21;20;28;7
17/11/2018;2018138;42;20;27;22;12;7
14/11/2018;2018137;36;41;15;49;48;5
12/11/2018;2018136;13;14;37;21;15;7
10/11/2018;2018135;20;43;18;44;30;7
07/11/2018;2018134;33;27;3;20;6;8
05/11/2018;2018133;9;11;39;29;32;8
03/11/2018;2018132;6;29;8;9;39;2
31/10/2018;2018131;34;14;2;28;38;4
29/10/2018;2018130;9;42;24;43;22;7
27/10/2018;2018129;26;21;36;29;35;9
24/10/2018;2018128;28;45;34;36;9;6
22/10/2018;2018127;10;4;29;19;47;6
20/10/2018;2018126;7;17;31;12;48;8
17/10/2018;2018125;33;13;7;2;41;1
15/10/2018;2018124;8;14;25;19;49;5
13/10/2018;2018123;1;36;45;4;22;8
10/10/2018;2018122;5;24;38;29;4;3
08/10/2018;2018121;46;1;4;23;24;2
06/10/2018;2018120;49;39;8;48;1;9
03/10/2018;2018119;31;24;11;20;32;8
01/10/2018;2018118;6;1;40;7;2;4
29/09/2018;2018117;31;7;15;10;17;4
26/09/2018;2018116;40;18;15;36;10;3
24/09/2018;2018115;12;30;17;8;6;3
22/09/2018;2018114;14;37;39;18;38;9
19/09/2018;2018113;15;42;4;27;25;5
17/09/2018;2018112;43;42;8;15;26;5
15/09/2018;2018111;11;26;1;46;13;5
12/09/2018;2018110;11;33;24;35;4;9
10/09/2018;2018109;27;20;19;46;38;10
08/09/2018;2018108;6;19;22;34;20;10
05/09/2018;2018107;7;39;34;6;15;1
03/09/2018;2018106;18;2;15;1;41;10
01/09/2018;2018105;32;35;11;41;42;6
29/08/2018;2018104;17;45;19;40;31;1
27/08/2018;2018103;40;17;24;18;10;2
25/08/2018;2018102;29;6;15;44;16;3
22/08/2018;2018101;16;42;12;6;40;3
20/08/2018;2018100;15;48;42;18;40;10
18/08/2018;2018099;33;37;31;16;49;8
15/08/2018;2018098;40;21;47;27;6;8
13/08/2018;2018097;10;19;21;2;40;6
11/08/2018;2018096;41;27;44;46;14;5
08/08/2018;2018095;5;19;29;15;24;8
06/08/2018;2018094;30;4;37;32;23;6
04/08/2018;2018093;41;23;9;32;38;3
01/08/2018;2018092;47;15;45;35;17;4
30/07/2018;2018091;33;7;13;41;43;2
28/07/2018;2018090;7;23;13;18;21;10
25/07/2018;2018089;35;27;22;20;30;3
23/07/2018;2018088;7;20;41;40;11;6
21/07/2018;2018087;44;18;9;28;1;10
18/07/2018;2018086;18;26;27;43;35;7
16/07/2018;2018085;36;31;9;16;3;1
14/07/2018;2018084;47;37;45;3;20;3
11/07/2018;2018083;11;46;1;22;42;4
09/07/2018;2018082;9;21;19;36;40;1
07/07/2018;2018081;41;3;34;11;10;10
04/07/2018;2018080;41;23;16;20;45;5
02/07/2018;2018079;48;38;36;45;16;8
30/06/2018;2018078;5;36;23;29;45;7
27/06/2018;2018077;26;11;9;41;8;10
25/06/2018;2018076;14;9;21;13;32;5
23/06/2018;2018075;41;32;49;10;36;10
20/06/2018;2018074;43;33;8;30;6;3
18/06/2018;2018073;34;2;7;13;44;8
16/06/2018;2018072;35;17;8;43;19;9
13/06/2018;2018071;20;48;15;29;49;1
11/06/2018;2018070;44;41;49;25;14;4
09/06/2018;2018069;7;16;5;9;12;10
06/06/2018;2018068;43;5;33;6;47;2
04/06/2018;2018067;8;38;48;16;35;2
02/06/2018;2018066;18;13;31;7;35;4
30/05/2018;2018065;4;44;41;36;33;6
28/05/2018;2018064;35;10;25;21;23;10
26/05/2018;2018063;26;24;2;43;3;8
23/05/2018;2018062;14;29;3;36;25;9
21/05/2018;2018061;20;4;46;16;5;5
19/05/2018;2018060;5;47;30;45;12;9
16/05/2018;2018059;44;37;7;23;41;8
14/05/2018;2018058;40;33;23;1;5;8
12/05/2018;2018057;6;23;9;47;5;10
09/05/2018;2018056;10;23;35;34;5;6
07/05/2018;2018055;43;13;10;23;46;6
05/05/2018;2018054;9;30;47;41;15;5
02/05/2018;2018053;8;1;14;10;21;10
30/04/2018;2018052;43;48;49;36;7;7
28/04/2018;2018051;36;14;40;31;47;2
25/04/2018;2018050;21;23;5;10;36;1
23/04/2018;2018049;2;33;20;29;32;8
21/04/2018;2018048;26;20;2;11;39;5
18/04/2018;2018047;18;11;38;17;46;8
16/04/2018;2018046;16;25;6;21;26;5
14/04/2018;2018045;24;5;49;36;1;7
11/04/2018;2018044;40;46;32;17;1;8
09/04/2018;2018043;1;32;20;28;42;6
07/04/2018;2018042;26;34;10;45;7;7
04/04/2018;2018041;19;40;22;45;36;6
02/04/2018;2018040;28;34;18;13;14;2
31/03/2018;2018039;42;2;41;18;31;8
28/03/2018;2018038;43;39;15;5;45;10
26/03/2018;2018037;27;17;37;10;4;10
24/03/2018;2018036;31;11;44;35;26;9
21/03/2018;2018035;31;45;21;30;29;2
19/03/2018;2018034;20;15;27;46;24;10
17/03/2018;2018033;48;43;36;30;13;9
14/03/2018;2018032;36;46;13;4;3;10
12/03/2018;2018031;27;7;10;38;13;8
10/03/2018;2018030;5;47;23;21;18;6
07/03/2018;2018029;13;6;18;36;37;5
05/03/2018;2018028;44;38;25;17;41;9
03/03/2018;2018027;3;4;8;2;31;9
28/02/2018;2018026;42;5;49;31;28;7
26/02/2018;2018025;13;34;39;42;37;3
24/02/2018;2018024;12;6;9;31;43;3
21/02/2018;2018023;12;41;2;28;16;1
19/02/2018;2018022;32;9;8;29;28;2
17/02/2018;2018021;49;48;14;22;38;9
14/02/2018;2018020;13;3;44;19;5;4
12/02/2018;2018019;27;35;48;3;32;9
10/02/2018;2018018;19;31;2;40;42;5
07/02/2018;2018017;44;13;17;48;33;3
05/02/2018;2018016;7;29;1;30;45;7
03/02/2018;2018015;22;9;23;38;13;4
31/01/2018;2018014;29;26;16;4;49;1
29/01/2018;2018013;11;32;27;36;21;6
27/01/2018;2018012;45;10;9;34;39;10
24/01/2018;2018011;9;37;35;23;28;5
22/01/2018;2018010;31;11;16;1;14;2
20/01/2018;2018009;44;32;27;38;46;7
17/01/2018;2018008;16;25;40;49;4;3
15/01/2018;2018007;15;28;22;2;5;2
13/01/2018;2018006;48;35;20;31;36;10
10/01/2018;2018005;7;49;18;9;16;3
08/01/2018;2018004;8;44;37;43;45;2
06/01/2018;2018003;45;40;17;6;31;9
03/01/2018;2018002;34;44;27;23;4;4
01/01/2018;2018001;7;43;10;9;14;1
30/12/2017;2017156;40;28;35;13;12;8
27/12/2017;2017155;22;6;48;7;14;8
25/12/2017;2017154;3;31;6;10;29;8
23/12/2017;2017153;4;6;44;8;48;10
20/12/2017;2017152;6;11;13;24;10;9
18/12/2017;2017151;11;39;48;10;29;9
16/12/2017;2017150;48;20;15;9;49;6
13/12/2017;2017149;17;49;24;43;28;8
11/12/2017;2017148;47;34;26;43;29;4
09/12/2017;2017147;48;49;10;46;23;8
06/12/2017;2017146;27;12;38;7;30;1
04/12/2017;2017145;43;32;15;23;41;8
02/12/2017;2017144;24;45;39;33;35;1
29/11/2017;2017143;8;20;3;12;13;4
27/11/2017;2017142;36;5;6;39;46;6
25/11/2017;2017141;43;1;48;2;47;10
22/11/2017;2017140;30;1;10;2;39;8
20/11/2017;2017139;6;30;40;43;35;3
18/11/2017;2017138;13;9;17;37;48;1
15/11/2017;2017137;12;10;16;35;14;6
13/11/2017;2017136;30;29;24;3;43;5
11/11/2017;2017135;40;47;48;1;36;3
08/11/2017;2017134;37;41;13;26;2;5
06/11/2017;2017133;30;45;49;27;48;1
04/11/2017;2017132;23;7;38;35;6;7
01/11/2017;2017131;18;8;26;9;32;1
30/10/2017;2017130;32;42;12;44;34;5
28/10/2017;2017129;22;12;47;5;29;8
25/10/2017;2017128;9;3;19;41;43;8
23/10/2017;2017127;12;21;47;44;25;3
21/10/2017;2017126;2;42;6;20;21;8
18/10/2017;2017125;5;13;25;12;24;7
16/10/2017;2017124;39;48;30;5;32;8
14/10/2017;2017123;18;20;38;43;47;3
11/10/2017;2017122;44;48;6;29;15;4
09/10/2017;2017121;47;30;6;15;3;9
07/10/2017;2017120;41;44;8;37;46;3
04/10/2017;2017119;45;34;20;30;1;9
02/10/2017;2017118;1;11;28;12;20;7
30/09/2017;2017117;16;44;3;38;27;7
27/09/2017;2017116;13;10;16;42;35;4
25/09/2017;2017115;37;16;17;33;34;6
23/09/2017;2017114;15;33;22;19;37;4
20/09/2017;2017113;37;6;4;17;22;6
18/09/2017;2017112;12;25;37;29;34;9
16/09/2017;2017111;37;46;4;18;16;5
13/09/2017;2017110;18;45;4;25;33;1
11/09/2017;2017109;23;42;48;45;12;9
09/09/2017;2017108;44;13;19;15;39;1
06/09/2017;2017107;49;46;28;19;39;4
04/09/2017;2017106;33;6;27;1;35;9
02/09/2017;2017105;10;14;1;40;18;7
30/08/2017;2017104;29;26;7;12;47;9
28/08/2017;2017103;6;8;20;24;42;6
26/08/2017;2017102;10;40;35;32;38;3
23/08/2017;2017101;32;23;16;1;4;7
21/08/2017;2017100;8;36;43;27;14;5
19/08/2017;2017099;39;8;40;21;7;7
16/08/2017;2017098;31;29;25;19;41;4
14/08/2017;2017097;13;15;39;2;9;4
12/08/2017;2017096;13;36;41;15;5;10
09/08/2017;2017095;32;38;36;31;49;1
07/08/2017;2017094;38;24;42;21;14;4
05/08/2017;2017093;3;25;30;13;37;2
02/08/2017;2017092;34;30;9;12;32;7
31/07/2017;2017091;45;37;47;25;31;7
29/07/2017;2017090;24;41;45;23;10;1
26/07/2017;2017089;13;44;35;3;25;2
24/07/2017;2017088;14;11;38;21;35;3
22/07/2017;2017087;40;30;16;5;28;9
19/07/2017;2017086;16;26;6;8;9;7
17/07/2017;2017085;40;41;5;33;16;2
15/07/2017;2017084;34;37;24;48;29;2
12/07/2017;2017083;3;16;31;43;18;5
10/07/2017;2017082;23;43;17;21;18;4
08/07/2017;2017081;9;30;46;43;31;10
05/07/2017;2017080;18;29;17;34;8;6
03/07/2017;2017079;48;8;10;28;2;2
01/07/2017;2017078;26;47;16;33;21;8
28/06/2017;2017077;48;30;37;29;9;1
26/06/2017;2017076;1;49;5;29;38;9
24/06/2017;2017075;48;27;23;35;24;5
21/06/2017;2017074;12;22;34;18;39;6
19/06/2017;2017073;25;43;18;47;40;9
17/06/2017;2017072;26;25;40;14;39;3
14/06/2017;2017071;44;43;49;41;31;5
12/06/2017;2017070;5;29;4;7;27;5
10/06/2017;2017069;49;34;37;36;8;10
07/06/2017;2017068;22;43;36;40;21;5
05/06/2017;2017067;49;12;17;41;21;7
03/06/2017;2017066;23;45;36;34;44;3
31/05/2017;2017065;1;36;9;41;27;1
29/05/2017;2017064;40;43;39;41;1;9
27/05/2017;2017063;9;8;28;40;17;8
24/05/2017;2017062;17;22;18;8;30;5
22/05/2017;2017061;27;21;22;7;31;10
20/05/2017;2017060;33;31;28;34;42;3
17/05/2017;2017059;25;44;6;30;22;7
15/05/2017;2017058;22;13;1;27;5;1
13/05/2017;2017057;16;13;9;28;47;10
10/05/2017;2017056;30;22;20;43;12;9
08/05/2017;2017055;33;7;47;22;43;6
06/05/2017;2017054;27;41;34;6;45;5
03/05/2017;2017053;20;15;27;46;6;3
01/05/2017;2017052;18;46;37;16;35;6
29/04/2017;2017051;48;37;46;44;34;9
26/04/2017;2017050;27;6;8;14;16;5
24/04/2017;2017049;7;42;28;45;41;9
22/04/2017;2017048;17;21;31;1;46;5
19/04/2017;2017047;47;39;38;41;48;9
17/04/2017;2017046;8;36;46;4;33;7
15/04/2017;2017045;28;29;41;40;49;5
12/04/2017;2017044;48;18;3;28;40;7
10/04/2017;2017043;11;3;20;14;1;2
08/04/2017;2017042;17;44;18;45;29;5
05/04/2017;2017041;10;40;42;20;6;10
03/04/2017;2017040;34;16;44;3;9;3
01/04/2017;2017039;46;2;44;9;25;9
29/03/2017;2017038;35;14;10;26;25;5
27/03/2017;2017037;2;49;9;38;18;8
25/03/2017;2017036;2;5;8;43;49;1
22/03/2017;2017035;43;25;28;2;11;5
20/03/2017;2017034;42;39;28;13;40;1
18/03/2017;2017033;33;18;1;30;6;2
15/03/2017;2017032;25;5;46;36;31;8
13/03/2017;2017031;16;21;34;48;24;3
11/03/2017;2017030;1;39;31;13;42;7
08/03/2017;2017029;40;16;46;42;47;2
06/03/2017;2017028;26;10;6;41;3;9
04/03/2017;2017027;28;14;37;32;4;4
01/03/2017;2017026;33;31;16;46;20;5
27/02/2017;2017025;3;37;16;17;47;5
25/02/2017;2017024;40;32;43;11;48;2
22/02/2017;2017023;17;25;22;35;43;10
20/02/2017;2017022;20;29;43;41;15;10
18/02/2017;2017021;32;23;49;1;3;4
15/02/2017;2017020;8;16;21;14;24;10
13/02/2017;2017019;5;16;39;44;18;3
11/02/2017;2017018;37;17;29;15;1;3
08/02/2017;2017017;17;33;37;40;19;6
06/02/2017;2017016;19;31;33;40;30;2
04/02/2017;2017015;32;22;1;35;37;7
01/02/2017;2017014;45;24;17;46;9;7
30/01/2017;2017013;4;22;40;23;32;4
28/01/2017;2017012;6;5;10;2;26;5
25/01/2017;2017011;10;19;20;28;4;2
23/01/2017;2017010;15;5;17;49;31;9
21/01/2017;2017009;40;36;32;8;31;6
18/01/2017;2017008;48;29;34;5;47;4
16/01/2017;2017007;35;32;14;37;26;5
14/01/2017;2017006;19;18;44;37;16;1
11/01/2017;2017005;30;13;28;22;19;3
09/01/2017;2017004;21;16;6;42;2;7
07/01/2017;2017003;33;46;24;21;22;8
04/01/2017;2017002;17;36;16;26;38;7
02/01/2017;2017001;31;38;11;19;40;5
31/12/2016;2016157;45;49;43;33;4;8
28/12/2016;2016156;34;35;16;39;15;4
26/12/2016;2016155;3;16;27;29;37;6
24/12/2016;2016154;22;48;7;20;35;1
21/12/2016;2016153;25;42;17;39;22;6
19/12/2016;2016152;17;40;41;26;3;7
17/12/2016;2016151;13;5;16;32;2;5
14/12/2016;2016150;10;9;44;14;46;7
12/12/2016;2016149;12;14;11;6;36;6
10/12/2016;2016148;41;43;27;24;28;9
07/12/2016;2016147;5;44;7;2;45;3
05/12/2016;2016146;29;30;23;6;26;4
03/12/2016;2016145;11;13;38;4;44;7
30/11/2016;2016144;9;33;31;3;40;5
28/11/2016;2016143;41;45;20;10;38;6
26/11/2016;2016142;9;21;44;6;11;7
23/11/2016;2016141;47;7;25;2;12;7
21/11/2016;2016140;7;18;12;45;3;8
19/11/2016;2016139;34;48;41;46;36;7
16/11/2016;2016138;37;48;1;26;24;7
14/11/2016;2016137;41;6;14;16;26;2
12/11/2016;2016136;29;11;19;16;2;8
09/11/2016;2016135;3;22;47;14;8;5
07/11/2016;2016134;1;46;21;6;31;6
05/11/2016;2016133;16;42;21;6;34;5
02/11/2016;2016132;26;1;49;7;14;10
31/10/2016;2016131;11;35;16;29;41;4
29/10/2016;2016130;21;36;44;26;14;4
26/10/2016;2016129;1;46;20;40;35;10
24/10/2016;2016128;18;29;36;17;23;7
22/10/2016;2016127;29;41;3;43;35;8
19/10/2016;2016126;32;28;29;26;38;1
17/10/2016;2016125;8;31;48;39;22;4
15/10/2016;2016124;47;30;41;32;39;7
12/10/2016;2016123;2;19;34;47;23;2
10/10/2016;2016122;18;19;3;48;9;2
08/10/2016;2016121;5;26;28;46;35;9
05/10/2016;2016120;18;28;15;2;43;3
03/10/2016;2016119;46;43;7;22;8;10
01/10/2016;2016118;13;42;8;16;23;1
28/09/2016;2016117;44;46;29;42;45;3
26/09/2016;2016116;4;23;26;19;27;7
24/09/2016;2016115;33;32;31;41;43;10
21/09/2016;2016114;30;15;40;13;20;10
19/09/2016;2016113;41;37;20;18;45;10
17/09/2016;2016112;12;3;4;34;25;2
14/09/2016;2016111;29;18;37;7;47;7
12/09/2016;2016110;6;5;11;13;22;10
10/09/2016;2016109;46;38;29;31;19;6
07/09/2016;2016108;26;34;38;13;42;9
05/09/2016;2016107;43;48;7;42;30;4
03/09/2016;2016106;36;24;45;49;47;5
31/08/2016;2016105;12;26;19;47;10;1
29/08/2016;2016104;44;36;49;25;48;2
27/08/2016;2016103;45;21;2;31;23;8
24/08/2016;2016102;3;4;34;41;42;2
22/08/2016;2016101;21;44;42;12;34;7
20/08/2016;2016100;35;10;28;43;15;9
17/08/2016;2016099;12;21;35;24;40;4
15/08/2016;2016098;16;31;25;27;26;7
13/08/2016;2016097;33;1;9;6;46;6
10/08/2016;2016096;49;30;19;17;7;3
08/08/2016;2016095;1;26;2;36;3;7
06/08/2016;2016094;44;12;7;25;31;10
03/08/2016;2016093;18;27;39;44;24;3
01/08/2016;2016092;45;29;36;42;24;7
30/07/2016;2016091;30;9;22;46;23;9
27/07/2016;2016090;34;7;44;19;8;6
25/07/2016;2016089;3;29;46;5;1;4
23/07/2016;2016088;2;27;33;21;15;10
20/07/2016;2016087;32;1;13;29;46;1
18/07/2016;2016086;29;25;2;39;20;7
16/07/2016;2016085;45;21;46;48;11;4
13/07/2016;2016084;30;28;47;34;7;10
11/07/2016;2016083;36;35;2;25;27;4
09/07/2016;2016082;46;15;6;39;3;10
06/07/2016;2016081;26;38;47;13;16;8
04/07/2016;2016080;12;10;25;22;47;1
02/07/2016;2016079;8;24;31;17;16;5
29/06/2016;2016078;17;22;9;14;48;10
27/06/2016;2016077;22;23;8;41;24;7
25/06/2016;2016076;16;20;19;35;49;3
22/06/2016;2016075;4;27;10;36;5;9
20/06/2016;2016074;38;4;45;13;43;10
18/06/2016;2016073;18;33;10;20;39;3
15/06/2016;2016072;34;2;8;5;33;10
13/06/2016;2016071;28;36;5;21;8;8
11/06/2016;2016070;7;17;22;46;44;6
08/06/2016;2016069;45;6;8;49;33;9
06/06/2016;2016068;23;32;48;47;25;5
04/06/2016;2016067;39;2;16;19;25;1
01/06/2016;2016066;27;35;26;44;22;10
30/05/2016;2016065;6;38;7;13;40;3
28/05/2016;2016064;19;3;1;14;13;6
25/05/2016;2016063;20;12;36;21;4;3
23/05/2016;2016062;41;48;22;26;7;2
21/05/2016;2016061;41;26;23;12;48;4
18/05/2016;2016060;22;1;40;38;49;9
16/05/2016;2016059;36;38;31;6;16;1
14/05/2016;2016058;42;28;30;1;27;5
11/05/2016;2016057;31;44;29;19;15;10
09/05/2016;2016056;24;29;4;11;14;1
07/05/2016;2016055;35;33;42;20;14;4
04/05/2016;2016054;15;7;42;8;24;9
02/05/2016;2016053;47;36;43;48;26;6
30/04/2016;2016052;49;29;2;30;36;7
27/04/2016;2016051;9;36;25;45;44;10
25/04/2016;2016050;39;19;13;18;22;6
23/04/2016;2016049;26;15;22;2;17;7
20/04/2016;2016048;12;15;36;41;13;9
18/04/2016;2016047;47;29;24;38;26;7
16/04/2016;2016046;33;25;36;39;40;9
13/04/2016;2016045;31;49;34;2;4;4
11/04/2016;2016044;34;29;4;26;25;2
09/04/2016;2016043;42;49;39;14;16;6
06/04/2016;2016042;21;19;28;24;44;5
04/04/2016;2016041;36;7;48;11;8;3
02/04/2016;2016040;29;34;18;22;19;1
30/03/2016;2016039;43;20;46;35;23;6
28/03/2016;2016038;26;2;28;4;15;2
26/03/2016;2016037;14;3;20;17;1;1
23/03/2016;2016036;14;19;17;8;5;9
21/03/2016;2016035;3;34;42;37;10;2
19/03/2016;2016034;49;13;4;36;18;5
16/03/2016;2016033;43;18;11;7;9;10
14/03/2016;2016032;19;39;27;14;36;8
12/03/2016;2016031;27;17;9;25;46;6
09/03/2016;2016030;40;22;20;19;41;2
07/03/2016;2016029;11;6;49;41;12;1
05/03/2016;2016028;34;5;14;49;23;6
02/03/2016;2016027;40;48;44;20;34;2
29/02/2016;2016026;13;3;1;24;45;1
27/02/2016;2016025;11;47;13;10;28;6
24/02/2016;2016024;20;18;44;1;49;7
22/02/2016;2016023;23;2;5;48;26;5
20/02/2016;2016022;9;33;34;41;20;8
17/02/2016;2016021;29;17;40;34;2;10
15/02/2016;2016020;37;21;38;4;10;5
13/02/2016;2016019;38;30;27;41;10;4
10/02/2016;2016018;44;46;1;27;48;10
08/02/2016;2016017;30;1;28;39;11;6
06/02/2016;2016016;44;25;2;41;28;9
03/02/2016;2016015;5;44;24;28;25;3
01/02/2016;2016014;18;36;13;40;48;4
30/01/2016;2016013;1;3;31;11;49;1
27/01/2016;2016012;31;44;48;37;32;9
25/01/2016;2016011;12;4;38;10;41;3
23/01/2016;2016010;42;3;15;41;33;3
20/01/2016;2016009;34;21;9;42;31;8
18/01/2016;2016008;2;5;3;10;1;4
16/01/2016;2016007;17;45;26;27;13;6
13/01/2016;2016006;30;11;35;33;3;2
11/01/2016;2016005;41;29;19;43;14;9
09/01/2016;2016004;22;39;4;49;45;6
06/01/2016;2016003;49;22;14;5;2;4
04/01/2016;2016002;34;43;23;15;40;3
02/01/2016;2016001;19;44;37;46;10;10
30/12/2015;2015156;16;2;34;25;1;5
28/12/2015;2015155;10;12;7;20;45;7
26/12/2015;2015154;15;21;20;38;43;1
23/12/2015;2015153;13;17;28;46;42;2
21/12/2015;2015152;11;19;33;41;7;3
19/12/2015;2015151;4;25;42;39;38;7
16/12/2015;2015150;46;41;24;35;22;10
14/12/2015;2015149;31;49;7;20;11;7
12/12/2015;2015148;13;40;2;34;15;8
09/12/2015;2015147;6;34;12;49;10;7
07/12/2015;2015146;22;28;42;37;14;10
05/12/2015;2015145;9;26;47;20;27;7
02/12/2015;2015144;39;9;3;45;10;7
30/11/2015;2015143;27;19;5;35;40;9
28/11/2015;2015142;30;19;37;12;46;9
25/11/2015;2015141;24;18;22;41;7;3
23/11/2015;2015140;47;12;14;37;20;6
21/11/2015;2015139;43;24;12;18;16;10
18/11/2015;2015138;25;23;5;1;47;1
16/11/2015;2015137;28;47;40;12;42;1
14/11/2015;2015136;34;29;47;10;37;10
11/11/2015;2015135;17;1;6;13;15;2
09/11/2015;2015134;25;32;8;37;39;10
07/11/2015;2015133;7;32;4;23;28;1
04/11/2015;2015132;32;11;8;21;15;6
02/11/2015;2015131;21;32;8;48;7;4
31/10/2015;2015130;33;36;48;43;34;10
28/10/2015;2015129;49;2;17;30;5;2
26/10/2015;2015128;17;19;23;4;49;3
24/10/2015;2015127;7;12;39;29;11;2
21/10/2015;2015126;25;35;22;26;31;6
19/10/2015;2015125;36;33;31;48;47;7
17/10/2015;2015124;22;33;14;46;9;8
14/10/2015;2015123;38;20;33;6;35;2
12/10/2015;2015122;1;16;49;3;4;4
10/10/2015;2015121;41;23;15;30;45;7
07/10/2015;2015120;29;27;2;14;28;9
05/10/2015;2015119;27;28;13;31;42;6
03/10/2015;2015118;27;18;8;37;20;4
30/09/2015;2015117;16;18;15;35;26;7
28/09/2015;2015116;23;39;37;36;49;8
26/09/2015;2015115;14;13;4;24;21;1
23/09/2015;2015114;35;49;18;20;31;3
21/09/2015;2015113;42;47;28;27;12;5
19/09/2015;2015112;2;25;43;16;33;9
16/09/2015;2015111;7;34;42;11;17;6
14/09/2015;2015110;3;43;48;37;49;2
12/09/2015;2015109;41;1;30;38;31;10
09/09/2015;2015108;3;19;10;44;41;7
07/09/2015;2015107;5;19;21;32;29;3
05/09/2015;2015106;24;45;14;25;42;9
02/09/2015;2015105;29;6;9;17;28;2
31/08/2015;2015104;12;41;38;1;31;4
29/08/2015;2015103;43;40;2;38;23;8
26/08/2015;2015102;44;26;41;15;37;8
24/08/2015;2015101;6;5;17;42;30;1
22/08/2015;2015100;19;4;20;29;49;9
19/08/2015;2015099;21;6;45;34;38;4
17/08/2015;2015098;29;9;26;36;42;1
15/08/2015;2015097;49;13;6;25;47;4
12/08/2015;2015096;15;43;1;24;8;2
10/08/2015;2015095;37;44;14;12;28;5
08/08/2015;2015094;12;8;11;35;33;9
05/08/2015;2015093;34;10;22;36;9;4
03/08/2015;2015092;48;10;49;1;39;1
01/08/2015;2015091;9;31;24;34;23;9
29/07/2015;2015090;22;2;3;42;36;9
27/07/2015;2015089;14;28;37;41;6;5
25/07/2015;2015088;43;7;5;10;13;4
22/07/2015;2015087;36;30;33;31;24;1
20/07/2015;2015086;31;17;2;24;29;1
18/07/2015;2015085;45;41;37;35;18;3
15/07/2015;2015084;46;2;30;43;14;8
13/07/2015;2015083;22;39;31;37;29;8
11/07/2015;2015082;14;26;4;23;36;1
08/07/2015;2015081;5;39;32;42;20;7
06/07/2015;2015080;17;12;36;35;43;3
04/07/2015;2015079;4;49;38;29;40;3
01/07/2015;2015078;49;5;19;18;38;10
29/06/2015;2015077;14;16;2;12;42;7
27/06/2015;2015076;47;14;42;40;29;4
24/06/2015;2015075;29;49;38;25;41;2
22/06/2015;2015074;35;43;37;24;38;2
20/06/2015;2015073;32;8;3;13;37;4
17/06/2015;2015072;44;30;26;48;41;1
15/06/2015;2015071;35;19;37;22;16;2
13/06/2015;2015070;16;11;29;15;46;4
10/06/2015;2015069;12;46;40;8;19;8
08/06/2015;2015068;41;3;8;9;44;10
06/06/2015;2015067;4;24;29;47;30;3
03/06/2015;2015066;12;18;30;25;47;2
01/06/2015;2015065;3;38;4;49;12;2
30/05/2015;2015064;43;6;30;47;45;5
27/05/2015;2015063;22;32;42;8;29;3
25/05/2015;2015062;44;35;49;15;29;3
23/05/2015;2015061;45;41;12;26;19;7
20/05/2015;2015060;12;10;22;37;41;10
18/05/2015;2015059;38;41;39;2;10;5
16/05/2015;2015058;39;8;22;46;23;3
13/05/2015;2015057;45;22;37;15;6;5
11/05/2015;2015056;49;1;34;28;31;4
09/05/2015;2015055;4;46;8;29;40;3
06/05/2015;2015054;35;32;29;7;34;10
04/05/2015;2015053;14;30;48;8;49;1
02/05/2015;2015052;46;33;30;19;3;5
29/04/2015;2015051;42;20;2;35;49;3
27/04/2015;2015050;15;28;43;41;5;4
25/04/2015;2015049;30;20;29;10;27;6
22/04/2015;2015048;10;43;21;25;45;5
20/04/2015;2015047;10;37;28;15;2;2
18/04/2015;2015046;44;1;49;38;20;3
15/04/2015;2015045;43;6;10;30;39;5
13/04/2015;2015044;41;9;43;48;36;2
11/04/2015;2015043;45;41;5;17;33;9
08/04/2015;2015042;15;36;38;30;2;2
06/04/2015;2015041;31;16;33;17;1;3
04/04/2015;2015040;33;15;23;28;39;1
01/04/2015;2015039;13;21;25;20;41;4
30/03/2015;2015038;4;20;13;10;32;1
28/03/2015;2015037;20;19;40;39;27;8
25/03/2015;2015036;43;10;20;9;17;7
23/03/2015;2015035;48;49;3;1;20;7
21/03/2015;2015034;28;47;41;22;21;5
18/03/2015;2015033;26;15;10;4;30;5
16/03/2015;2015032;35;11;49;7;48;7
14/03/2015;2015031;30;39;3;14;8;10
11/03/2015;2015030;49;2;35;1;36;4
09/03/2015;2015029;35;31;26;34;28;5
07/03/2015;2015028;48;9;18;43;3;2
04/03/2015;2015027;32;16;8;23;34;4
02/03/2015;2015026;17;11;27;48;23;1
28/02/2015;2015025;14;46;5;30;36;6
25/02/2015;2015024;44;47;20;30;29;1
23/02/2015;2015023;40;3;22;4;28;2
21/02/2015;2015022;3;45;47;13;27;4
18/02/2015;2015021;44;21;29;9;25;7
16/02/2015;2015020;36;14;9;1;20;2
14/02/2015;2015019;27;41;38;26;2;7
11/02/2015;2015018;13;40;24;17;45;3
09/02/2015;2015017;40;49;34;27;4;2
07/02/2015;2015016;21;29;7;37;19;2
04/02/2015;2015015;49;9;28;24;35;4
02/02/2015;2015014;17;16;14;1;11;10
31/01/2015;2015013;14;31;46;25;4;5
28/01/2015;2015012;41;12;33;9;16;1
26/01/2015;2015011;18;17;27;35;40;6
24/01/2015;2015010;36;44;21;13;5;1
21/01/2015;2015009;19;6;34;49;42;10
19/01/2015;2015008;25;4;18;7;35;4
17/01/2015;2015007;43;19;30;39;40;4
14/01/2015;2015006;23;18;7;2;21;6
12/01/2015;2015005;20;15;27;13;34;1
10/01/2015;2015004;18;5;33;2;23;4
07/01/2015;2015003;20;29;21;33;7;1
05/01/2015;2015002;37;8;49;31;45;7
03/01/2015;2015001;31;32;12;28;48;3
31/12/2014;2014157;46;43;41;37;34;10
29/12/2014;2014156;30;26;44;27;49;1
27/12/2014;2014155;20;48;34;39;4;10
24/12/2014;2014154;31;36;4;22;18;7
22/12/2014;2014153;34;35;23;16;6;8
20/12/2014;2014152;19;10;26;21;22;9
17/12/2014;2014151;32;46;6;8;13;10
15/12/2014;2014150;23;47;41;42;15;4
13/12/2014;2014149;43;13;10;20;38;1
10/12/2014;2014148;27;11;16;3;8;6
08/12/2014;2014147;10;14;43;32;47;10
06/12/2014;2014146;43;37;20;10;18;8
03/12/2014;2014145;49;26;28;31;11;7
01/12/2014;2014144;43;49;40;48;44;8
29/11/2014;2014143;18;44;2;47;49;2
26/11/2014;2014142;5;34;47;12;20;3
24/11/2014;2014141;18;47;49;32;17;3
22/11/2014;2014140;22;1;44;9;26;10
19/11/2014;2014139;41;18;13;14;29;3
17/11/2014;2014138;23;47;16;48;35;10
15/11/2014;2014137;28;16;39;23;3;10
12/11/2014;2014136;27;13;19;40;23;5
10/11/2014;2014135;24;23;30;6;18;7
08/11/2014;2014134;40;14;46;27;7;5
05/11/2014;2014133;27;24;37;46;1;1
03/11/2014;2014132;34;45;18;44;24;8
01/11/2014;2014131;48;29;2;36;9;10
29/10/2014;2014130;32;18;17;6;29;9
27/10/2014;2014129;13;32;12;28;33;6
25/10/2014;2014128;14;39;24;49;47;4
22/10/2014;2014127;10;19;47;35;33;2
20/10/2014;2014126;30;40;13;21;26;5
18/10/2014;2014125;1;43;24;15;27;7
15/10/2014;2014124;28;9;37;41;46;10
13/10/2014;2014123;29;15;1;12;30;1
11/10/2014;2014122;24;19;10;28;15;9
08/10/2014;2014121;13;4;21;43;23;10
06/10/2014;2014120;20;22;46;40;9;7
04/10/2014;2014119;14;45;29;12;41;7
01/10/2014;2014118;17;42;44;27;16;8
29/09/2014;2014117;41;28;17;4;33;5
27/09/2014;2014116;26;29;9;35;38;5
24/09/2014;2014115;16;49;10;38;25;9
22/09/2014;2014114;44;31;26;1;13;6
20/09/2014;2014113;34;31;25;46;22;6
17/09/2014;2014112;23;18;10;6;3;4
15/09/2014;2014111;16;44;2;10;35;6
13/09/2014;2014110;7;28;27;23;33;1
10/09/2014;2014109;6;16;31;26;40;7
08/09/2014;2014108;1;40;17;43;42;10
06/09/2014;2014107;42;14;15;13;3;7
03/09/2014;2014106;10;38;20;4;13;4
01/09/2014;2014105;42;22;47;16;38;1
30/08/2014;2014104;25;40;30;36;6;8
27/08/2014;2014103;4;44;32;22;14;2
25/08/2014;2014102;26;9;45;31;43;1
23/08/2014;2014101;7;17;29;26;21;7
20/08/2014;2014100;22;33;31;41;15;4
18/08/2014;2014099;24;45;19;1;46;3
16/08/2014;2014098;22;40;23;37;9;4
13/08/2014;2014097;3;18;13;43;28;5
11/08/2014;2014096;36;32;11;46;25;7
09/08/2014;2014095;34;4;5;9;21;7
06/08/2014;2014094;13;41;34;21;15;8
04/08/2014;2014093;16;28;36;24;43;6
02/08/2014;2014092;25;32;4;8;41;10
30/07/2014;2014091;25;7;13;9;8;9
28/07/2014;2014090;45;14;1;42;43;9
26/07/2014;2014089;1;5;43;41;22;4
23/07/2014;2014088;1;32;8;15;24;6
21/07/2014;2014087;21;3;9;27;10;4
19/07/2014;2014086;8;44;29;43;45;6
16/07/2014;2014085;42;3;36;28;49;7
14/07/2014;2014084;21;41;32;38;37;9
12/07/2014;2014083;29;23;22;13;1;1
09/07/2014;2014082;8;6;36;4;34;5
07/07/2014;2014081;31;41;32;14;13;10
05/07/2014;2014080;25;11;7;33;3;6
02/07/2014;2014079;36;27;8;39;47;3
30/06/2014;2014078;47;27;5;24;46;2
28/06/2014;2014077;40;24;22;13;43;3
25/06/2014;2014076;5;4;23;30;41;4
23/06/2014;2014075;40;38;32;4;31;4
21/06/2014;2014074;11;3;30;29;32;1
18/06/2014;2014073;47;13;30;9;18;3
16/06/2014;2014072;5;37;16;42;3;1
14/06/2014;2014071;7;24;18;34;5;5
11/06/2014;2014070;22;9;42;15;32;6
09/06/2014;2014069;47;34;45;35;10;9
07/06/2014;2014068;5;37;45;38;21;2
04/06/2014;2014067;43;36;8;22;3;3
02/06/2014;2014066;41;35;47;26;22;5
31/05/2014;2014065;16;2;28;40;14;1
28/05/2014;2014064;9;26;8;48;46;7
26/05/2014;2014063;3;8;40;39;32;1
24/05/2014;2014062;40;18;39;24;17;1
21/05/2014;2014061;49;9;35;23;1;1
19/05/2014;2014060;49;41;8;9;40;3
17/05/2014;2014059;48;41;37;32;43;7
14/05/2014;2014058;6;25;21;5;33;1
12/05/2014;2014057;43;33;36;12;2;5
10/05/2014;2014056;37;6;15;21;17;4
07/05/2014;2014055;6;46;47;11;1;5
05/05/2014;2014054;28;16;37;19;2;10
03/05/2014;2014053;16;5;41;11;36;5
30/04/2014;2014052;32;35;19;23;43;10
28/04/2014;2014051;45;32;19;49;36;7
26/04/2014;2014050;2;38;43;14;3;4
23/04/2014;2014049;3;30;10;29;39;10
21/04/2014;2014048;27;9;38;18;20;1
19/04/2014;2014047;22;40;21;12;45;8
16/04/2014;2014046;26;25;12;49;8;1
14/04/2014;2014045;11;7;43;45;14;3
12/04/2014;2014044;5;34;42;16;10;10
09/04/2014;2014043;28;14;39;12;38;10
07/04/2014;2014042;23;42;11;31;13;4
05/04/2014;2014041;40;9;22;13;45;5
02/04/2014;2014040;6;41;28;16;34;4
31/03/2014;2014039;28;6;7;32;2;4
29/03/2014;2014038;19;12;28;29;45;4
26/03/2014;2014037;40;47;38;11;21;6
24/03/2014;2014036;18;41;39;21;37;9
22/03/2014;2014035;20;49;14;26;4;2
19/03/2014;2014034;27;19;5;26;28;9
17/03/2014;2014033;8;33;22;45;19;6
15/03/2014;2014032;5;26;30;15;37;4
12/03/2014;2014031;42;36;1;20;25;10
10/03/2014;2014030;43;16;4;6;30;9
08/03/2014;2014029;35;40;6;46;15;7
05/03/2014;2014028;12;1;32;42;31;1
03/03/2014;2014027;41;40;28;21;36;10
01/03/2014;2014026;17;20;15;5;4;5
26/02/2014;2014025;19;41;5;22;33;1
24/02/2014;2014024;18;8;5;21;38;7
22/02/2014;2014023;30;26;48;32;1;10
19/02/2014;2014022;44;32;25;47;27;7
17/02/2014;2014021;20;32;9;23;1;1
15/02/2014;2014020;33;4;12;49;18;9
12/02/2014;2014019;7;16;48;15;10;7
10/02/2014;2014018;18;11;41;45;17;2
08/02/2014;2014017;6;7;39;38;14;7
05/02/2014;2014016;2;48;16;7;41;8
03/02/2014;2014015;44;33;5;1;13;2
01/02/2014;2014014;21;2;48;41;10;6
29/01/2014;2014013;35;8;6;25;2;8
27/01/2014;2014012;46;19;33;1;48;4
25/01/2014;2014011;18;37;17;14;30;5
22/01/2014;2014010;38;42;1;22;40;7
20/01/2014;2014009;10;1;42;40;35;5
18/01/2014;2014008;43;1;37;47;2;8
15/01/2014;2014007;7;20;35;37;30;6
13/01/2014;2014006;33;3;47;29;20;4
11/01/2014;2014005;35;25;18;8;39;9
08/01/2014;2014004;4;42;29;45;14;8
06/01/2014;2014003;30;29;17;13;19;9
04/01/2014;2014002;1;29;45;6;16;5
01/01/2014;2014001;39;37;34;26;6;7
30/12/2013;2013156;20;22;44;41;11;8
28/12/2013;2013155;1;16;20;32;26;7
25/12/2013;2013154;36;23;45;28;24;3
23/12/2013;2013153;34;29;41;37;18;5
21/12/2013;2013152;24;18;19;33;10;4
18/12/2013;2013151;36;46;38;8;30;1
16/12/2013;2013150;36;31;1;37;33;6
14/12/2013;2013149;46;45;8;30;18;1
11/12/2013;2013148;43;4;39;40;27;8
09/12/2013;2013147;45;33;20;24;6;6
07/12/2013;2013146;17;14;2;8;34;7
04/12/2013;2013145;21;34;27;25;29;3
02/12/2013;2013144;33;34;19;40;36;5
30/11/2013;2013143;19;36;20;40;2;2
27/11/2013;2013142;16;12;45;34;11;9
25/11/2013;2013141;27;15;16;4;42;4
23/11/2013;2013140;4;2;48;12;33;9
20/11/2013;2013139;35;28;46;14;18;1
18/11/2013;2013138;36;46;29;3;28;10
16/11/2013;2013137;38;44;20;29;33;8
13/11/2013;2013136;7;38;16;36;47;6
11/11/2013;2013135;42;48;32;12;16;9
09/11/2013;2013134;39;33;12;30;9;4
06/11/2013;2013133;20;40;30;16;6;3
04/11/2013;2013132;13;18;8;24;15;6
02/11/2013;2013131;7;12;4;13;18;9
30/10/2013;2013130;46;48;14;21;35;1
28/10/2013;2013129;44;32;8;14;23;8
26/10/2013;2013128;40;3;35;42;47;7
23/10/2013;2013127;5;11;20;22;10;3
21/10/2013;2013126;25;32;35;17;36;7
19/10/2013;2013125;33;49;44;8;25;1
16/10/2013;2013124;9;12;40;23;14;8
14/10/2013;2013123;21;35;19;15;33;4
12/10/2013;2013122;24;32;22;4;17;8
09/10/2013;2013121;1;26;18;20;12;2
07/10/2013;2013120;16;31;6;46;15;5
05/10/2013;2013119;9;7;14;27;38;9
02/10/2013;2013118;11;21;39;17;6;7
30/09/2013;2013117;10;26;45;15;28;9
28/09/2013;2013116;34;29;45;1;9;5
25/09/2013;2013115;6;2;44;43;12;5
23/09/2013;2013114;2;11;21;1;36;1
21/09/2013;2013113;41;30;17;26;16;9
18/09/2013;2013112;35;26;45;4;40;3
16/09/2013;2013111;6;15;24;38;26;5
14/09/2013;2013110;49;18;28;24;43;7
11/09/2013;2013109;35;13;7;6;23;2
09/09/2013;2013108;22;23;35;3;5;7
07/09/2013;2013107;25;24;44;11;1;3
04/09/2013;2013106;49;6;25;17;42;6
02/09/2013;2013105;46;16;20;41;8;8
31/08/2013;2013104;26;3;2;33;14;7
28/08/2013;2013103;40;23;30;2;33;1
26/08/2013;2013102;49;1;9;14;25;10
24/08/2013;2013101;39;11;5;29;41;7
21/08/2013;2013100;39;12;38;11;26;10
19/08/2013;2013099;40;25;2;3;46;9
17/08/2013;2013098;43;33;32;26;41;10
14/08/2013;2013097;30;22;5;35;17;2
12/08/2013;2013096;4;11;38;28;21;7
10/08/2013;2013095;19;5;41;15;24;5
07/08/2013;2013094;45;33;16;40;3;4
05/08/2013;2013093;24;39;11;6;43;4
03/08/2013;2013092;44;22;33;27;17;9
31/07/2013;2013091;28;31;23;41;8;7
29/07/2013;2013090;4;34;40;35;36;5
27/07/2013;2013089;35;44;29;37;10;4
24/07/2013;2013088;27;37;19;36;44;3
22/07/2013;2013087;12;32;29;7;38;1
20/07/2013;2013086;48;28;9;17;30;7
17/07/2013;2013085;16;8;17;48;31;4
15/07/2013;2013084;34;7;43;33;44;9
13/07/2013;2013083;31;21;37;10;28;8
10/07/2013;2013082;31;37;24;39;14;7
08/07/2013;2013081;44;8;24;25;26;5
06/07/2013;2013080;13;35;30;44;12;2
03/07/2013;2013079;36;2;7;25;39;4
01/07/2013;2013078;5;31;21;37;38;6
29/06/2013;2013077;23;37;8;14;9;7
26/06/2013;2013076;39;16;19;29;12;8
24/06/2013;2013075;29;5;24;19;10;1
22/06/2013;2013074;21;26;37;16;35;8
19/06/2013;2013073;32;22;17;43;19;1
17/06/2013;2013072;38;39;3;17;1;1
15/06/2013;2013071;32;38;26;4;23;2
12/06/2013;2013070;20;40;46;3;44;4
10/06/2013;2013069;13;15;3;35;32;1
08/06/2013;2013068;19;33;29;32;17;2
05/06/2013;2013067;27;41;23;25;4;1
03/06/2013;2013066;14;4;38;34;25;9
01/06/2013;2013065;21;30;8;7;6;3
29/05/2013;2013064;34;41;48;23;45;7
27/05/2013;2013063;37;15;9;28;13;2
25/05/2013;2013062;42;7;36;13;40;2
22/05/2013;2013061;3;34;2;17;13;9
20/05/2013;2013060;47;27;25;23;9;3
18/05/2013;2013059;4;5;20;7;17;3
15/05/2013;2013058;32;27;8;13;11;4
13/05/2013;2013057;23;29;40;49;15;5
11/05/2013;2013056;26;49;45;3;16;9
08/05/2013;2013055;13;5;43;25;15;10
06/05/2013;2013054;48;13;15;24;23;7
04/05/2013;2013053;6;13;40;45;15;4
01/05/2013;2013052;7;41;31;32;4;9
29/04/2013;2013051;12;21;39;11;27;9
27/04/2013;2013050;17;26;39;19;9;10
24/04/2013;2013049;1;48;13;6;5;9
22/04/2013;2013048;22;16;11;37;14;1
20/04/2013;2013047;28;24;3;42;9;9
17/04/2013;2013046;38;16;32;12;29;8
15/04/2013;2013045;45;20;21;26;46;3
13/04/2013;2013044;23;43;22;41;33;4
10/04/2013;2013043;9;18;3;45;28;5
08/04/2013;2013042;19;6;38;8;37;2
06/04/2013;2013041;15;29;42;1;33;7
03/04/2013;2013040;36;18;37;42;45;8
01/04/2013;2013039;47;16;10;43;27;2
30/03/2013;2013038;26;10;9;30;34;2
27/03/2013;2013037;21;47;24;49;33;3
25/03/2013;2013036;29;25;14;41;10;4
23/03/2013;2013035;17;11;41;9;24;6
20/03/2013;2013034;37;5;1;49;12;7
18/03/2013;2013033;10;20;18;24;32;9
16/03/2013;2013032;16;5;46;33;38;5
13/03/2013;2013031;13;12;34;41;40;7
11/03/2013;2013030;8;16;44;7;49;6
09/03/2013;2013029;49;4;40;11;22;5
06/03/2013;2013028;28;36;42;26;44;4
04/03/2013;2013027;47;1;45;9;30;10
02/03/2013;2013026;18;38;5;22;30;2
27/02/2013;2013025;25;40;21;34;6;7
25/02/2013;2013024;43;18;17;14;46;2
23/02/2013;2013023;47;36;42;30;45;5
20/02/2013;2013022;6;8;42;27;7;1
18/02/2013;2013021;2;13;19;41;5;5
16/02/2013;2013020;19;34;26;27;4;6
13/02/2013;2013019;39;48;19;46;14;2
11/02/2013;2013018;25;42;1;36;45;7
09/02/2013;2013017;23;5;2;47;4;7
06/02/2013;2013016;40;3;7;33;25;1
04/02/2013;2013015;34;33;18;6;30;2
02/02/2013;2013014;45;33;7;6;34;3
30/01/2013;2013013;41;31;40;11;48;5
28/01/2013;2013012;38;29;20;40;28;9
26/01/2013;2013011;18;39;2;23;34;6
23/01/2013;2013010;11;49;36;9;19;6
21/01/2013;2013009;35;7;32;38;22;6
19/01/2013;2013008;22;23;45;42;9;8
16/01/2013;2013007;27;6;16;24;46;5
14/01/2013;2013006;35;30;10;37;7;6
12/01/2013;2013005;13;48;40;6;37;7
09/01/2013;2013004;30;33;22;29;26;9
07/01/2013;2013003;45;31;15;32;48;5
05/01/2013;2013002;30;46;47;6;45;6
02/01/2013;2013001;33;21;37;22;31;4
31/12/2012;2012157;4;47;21;44;36;3
29/12/2012;2012156;45;7;11;37;23;4
26/12/2012;2012155;3;17;31;5;2;9
24/12/2012;2012154;5;12;32;7;47;6
22/12/2012;2012153;47;1;2;34;24;1
19/12/2012;2012152;5;10;25;19;49;8
17/12/2012;2012151;16;27;39;29;32;5
15/12/2012;2012150;26;24;11;33;41;9
12/12/2012;2012149;37;19;32;36;20;4
10/12/2012;2012148;36;16;4;20;47;8
08/12/2012;2012147;22;47;45;24;28;2
05/12/2012;2012146;28;24;36;45;27;8
03/12/2012;2012145;39;25;16;6;11;6
01/12/2012;2012144;19;25;12;45;44;10
28/11/2012;2012143;16;34;28;4;11;1
26/11/2012;2012142;35;15;48;44;9;6
24/11/2012;2012141;18;21;19;5;28;2
21/11/2012;2012140;10;43;6;4;46;10
19/11/2012;2012139;6;41;16;1;3;1
17/11/2012;2012138;8;6;27;37;33;7
14/11/2012;2012137;29;40;39;46;21;8
12/11/2012;2012136;25;45;20;6;48;7
10/11/2012;2012135;19;46;17;3;43;5
07/11/2012;2012134;34;16;21;2;40;7
05/11/2012;2012133;27;14;37;9;33;7
03/11/2012;2012132;15;11;9;22;36;8
31/10/2012;2012131;29;23;41;16;5;1
29/10/2012;2012130;19;16;46;13;38;7
27/10/2012;2012129;29;2;41;47;10;1
24/10/2012;2012128;30;24;5;40;17;7
22/10/2012;2012127;28;25;24;14;41;5
20/10/2012;2012126;34;14;11;24;41;5
17/10/2012;2012125;19;10;32;20;13;2
15/10/2012;2012124;7;23;11;39;44;8
13/10/2012;2012123;41;49;1;35;16;4
10/10/2012;2012122;16;35;37;3;19;3
08/10/2012;2012121;39;32;24;13;27;2
06/10/2012;2012120;27;1;47;30;39;4
03/10/2012;2012119;16;44;25;26;24;1
01/10/2012;2012118;34;2;40;29;41;6
29/09/2012;2012117;21;18;47;10;7;1
26/09/2012;2012116;42;29;38;12;46;9
24/09/2012;2012115;41;18;40;1;21;6
22/09/2012;2012114;17;23;37;44;25;9
19/09/2012;2012113;49;5;34;27;41;7
17/09/2012;2012112;16;25;14;7;17;7
15/09/2012;2012111;17;21;43;37;15;2
12/09/2012;2012110;32;1;49;12;38;8
10/09/2012;2012109;19;28;43;3;25;9
08/09/2012;2012108;9;22;43;34;15;4
05/09/2012;2012107;37;8;1;26;10;4
03/09/2012;2012106;34;27;22;18;37;3
01/09/2012;2012105;28;5;22;25;13;10
29/08/2012;2012104;20;29;26;11;8;9
27/08/2012;2012103;18;32;40;7;8;5
25/08/2012;2012102;9;13;2;29;10;9
22/08/2012;2012101;14;13;18;33;22;7
20/08/2012;2012100;45;26;33;27;11;2
18/08/2012;2012099;25;26;42;12;2;7
15/08/2012;2012098;13;24;2;15;19;5
13/08/2012;2012097;49;25;12;16;4;4
11/08/2012;2012096;7;1;10;45;44;9
08/08/2012;2012095;32;35;42;11;1;4
06/08/2012;2012094;12;7;10;34;47;7
04/08/2012;2012093;29;49;34;26;25;6
01/08/2012;2012092;33;45;17;30;11;6
30/07/2012;2012091;35;6;38;4;13;3
28/07/2012;2012090;29;4;6;39;7;3
25/07/2012;2012089;17;16;14;32;36;6
23/07/2012;2012088;40;31;38;23;28;3
21/07/2012;2012087;22;3;1;44;40;3
18/07/2012;2012086;26;25;4;28;32;5
16/07/2012;2012085;3;32;6;19;37;2
14/07/2012;2012084;22;44;40;5;41;6
11/07/2012;2012083;23;20;30;21;36;9
09/07/2012;2012082;15;38;41;45;26;3
07/07/2012;2012081;5;30;17;1;44;1
04/07/2012;2012080;13;40;37;17;39;6
02/07/2012;2012079;2;15;7;46;6;5
30/06/2012;2012078;13;45;1;42;12;4
27/06/2012;2012077;22;41;5;1;11;7
25/06/2012;2012076;27;11;40;10;13;7
23/06/2012;2012075;41;12;6;47;27;3
20/06/2012;2012074;36;33;15;41;47;5
18/06/2012;2012073;37;5;7;16;38;3
16/06/2012;2012072;14;31;1;39;27;6
13/06/2012;2012071;33;48;20;8;3;10
11/06/2012;2012070;20;6;16;4;29;1
09/06/2012;2012069;13;25;14;18;20;6
06/06/2012;2012068;21;23;12;24;13;6
04/06/2012;2012067;38;42;35;43;40;4
02/06/2012;2012066;26;9;34;39;22;1
30/05/2012;2012065;9;30;13;17;5;3
28/05/2012;2012064;30;42;38;15;41;3
26/05/2012;2012063;27;47;40;41;29;7
23/05/2012;2012062;19;1;35;49;3;9
21/05/2012;2012061;37;45;23;19;7;10
19/05/2012;2012060;11;23;48;24;42;2
16/05/2012;2012059;21;49;22;15;31;1
14/05/2012;2012058;26;11;3;22;43;6
12/05/2012;2012057;6;34;22;20;19;5
09/05/2012;2012056;36;26;18;41;32;4
07/05/2012;2012055;21;13;26;46;12;10
05/05/2012;2012054;21;10;37;8;11;9
02/05/2012;2012053;35;26;29;3;38;1
30/04/2012;2012052;39;22;32;18;4;4
28/04/2012;2012051;48;22;10;2;37;4
25/04/2012;2012050;44;15;20;30;29;7
23/04/2012;2012049;33;9;34;45;24;6
21/04/2012;2012048;41;3;48;31;18;10
18/04/2012;2012047;34;5;3;20;24;3
16/04/2012;2012046;2;21;13;1;16;2
14/04/2012;2012045;1;22;45;40;3;1
11/04/2012;2012044;49;27;15;29;19;1
09/04/2012;2012043;26;14;31;33;2;10
07/04/2012;2012042;46;19;45;42;47;8
04/04/2012;2012041;36;40;27;38;11;8
02/04/2012;2012040;33;23;3;19;39;2
31/03/2012;2012039;16;25;1;26;2;9
28/03/2012;2012038;15;20;45;17;4;9
26/03/2012;2012037;36;14;49;29;13;6
24/03/2012;2012036;48;8;18;13;11;8
21/03/2012;2012035;8;14;43;37;48;5
19/03/2012;2012034;10;28;4;11;15;4
17/03/2012;2012033;32;14;49;23;13;1
14/03/2012;2012032;13;7;31;36;43;9
12/03/2012;2012031;48;25;16;46;14;10
10/03/2012;2012030;2;40;4;44;37;5
07/03/2012;2012029;6;39;31;22;16;7
05/03/2012;2012028;31;30;28;34;17;3
03/03/2012;2012027;2;24;3;39;27;8
29/02/2012;2012026;14;27;11;17;35;4
27/02/2012;2012025;45;41;33;8;23;1
25/02/2012;2012024;8;7;19;4;27;1
22/02/2012;2012023;43;33;39;11;31;10
20/02/2012;2012022;34;31;9;3;35;5
18/02/2012;2012021;49;48;5;17;47;6
15/02/2012;2012020;11;36;10;22;31;1
13/02/2012;2012019;23;9;22;24;36;5
11/02/2012;2012018;11;12;46;32;36;6
08/02/2012;2012017;27;19;12;37;15;3
06/02/2012;2012016;15;49;24;13;29;3
04/02/2012;2012015;38;32;10;17;9;3
01/02/2012;2012014;16;5;49;43;2;7
30/01/2012;2012013;22;40;1;35;32;8
28/01/2012;2012012;23;12;47;15;18;6
25/01/2012;2012011;2;23;8;30;48;5
23/01/2012;2012010;39;44;48;20;25;6
21/01/2012;2012009;36;23;1;31;17;4
18/01/2012;2012008;21;9;33;13;42;4
16/01/2012;2012007;39;36;29;47;38;8
14/01/2012;2012006;1;38;19;49;29;8
11/01/2012;2012005;9;7;44;36;23;7
09/01/2012;2012004;34;15;26;25;32;4
07/01/2012;2012003;1;6;12;10;8;8
04/01/2012;2012002;10;23;2;43;34;5
02/01/2012;2012001;3;36;30;16;24;9
31/12/2011;2011157;32;35;17;28;2;2
28/12/2011;2011156;39;41;16;31;36;5
26/12/2011;2011155;36;43;42;23;28;4
24/12/2011;2011154;7;10;28;11;12;8
21/12/2011;2011153;27;42;33;45;37;2
19/12/2011;2011152;42;23;13;35;26;5
17/12/2011;2011151;41;9;37;38;34;5
14/12/2011;2011150;42;14;21;33;48;1
12/12/2011;2011149;48;29;1;25;16;1
10/12/2011;2011148;14;43;26;30;28;8
07/12/2011;2011147;32;35;31;48;8;1
05/12/2011;2011146;43;47;38;36;30;5
03/12/2011;2011145;31;6;49;34;26;1
30/11/2011;2011144;29;2;42;49;4;2
28/11/2011;2011143;11;24;1;15;2;9
26/11/2011;2011142;47;31;16;3;39;1
23/11/2011;2011141;39;16;6;10;21;5
21/11/2011;2011140;46;33;31;49;18;1
19/11/2011;2011139;45;37;22;33;34;5
16/11/2011;2011138;37;41;27;17;12;10
14/11/2011;2011137;25;43;18;22;3;7
12/11/2011;2011136;44;48;13;33;12;7
09/11/2011;2011135;17;8;23;12;37;2
07/11/2011;2011134;18;47;11;2;30;5
05/11/2011;2011133;38;2;13;32;20;10
02/11/2011;2011132;2;38;44;35;42;9
31/10/2011;2011131;24;13;47;37;21;7
29/10/2011;2011130;12;17;46;42;38;8
26/10/2011;2011129;35;6;2;3;20;1
24/10/2011;2011128;15;18;17;5;31;7
22/10/2011;2011127;45;44;32;29;6;7
19/10/2011;2011126;38;35;23;3;44;8
17/10/2011;2011125;14;13;18;4;48;10
15/10/2011;2011124;13;37;27;5;39;3
12/10/2011;2011123;12;9;20;30;25;5
10/10/2011;2011122;15;47;16;45;3;7
08/10/2011;2011121;31;44;21;30;22;7
05/10/2011;2011120;20;2;7;42;27;5
03/10/2011;2011119;40;28;27;12;4;1
01/10/2011;2011118;25;38;14;32;15;3
28/09/2011;2011117;16;42;36;3;8;3
26/09/2011;2011116;11;44;33;4;49;9
24/09/2011;2011115;36;4;41;33;40;6
21/09/2011;2011114;40;20;46;19;16;4
19/09/2011;2011113;13;1;27;48;35;7
17/09/2011;2011112;15;40;1;23;2;4
14/09/2011;2011111;14;42;5;16;11;3
12/09/2011;2011110;13;45;18;32;30;2
10/09/2011;2011109;15;1;28;24;10;5
07/09/2011;2011108;13;40;41;3;12;7
05/09/2011;2011107;7;17;22;10;23;5
03/09/2011;2011106;42;41;7;13;47;5
31/08/2011;2011105;7;42;39;9;5;3
29/08/2011;2011104;46;30;12;3;10;2
27/08/2011;2011103;27;21;19;13;45;2
24/08/2011;2011102;3;36;47;4;17;4
22/08/2011;2011101;40;36;38;44;17;1
20/08/2011;2011100;21;40;49;31;22;4
17/08/2011;2011099;8;49;29;45;3;9
15/08/2011;2011098;23;3;8;4;1;8
13/08/2011;2011097;3;13;4;41;5;9
10/08/2011;2011096;28;4;27;29;38;2
08/08/2011;2011095;18;12;1;26;30;9
06/08/2011;2011094;17;13;15;4;39;4
03/08/2011;2011093;20;4;19;17;5;10
01/08/2011;2011092;32;37;43;10;25;3
30/07/2011;2011091;8;41;20;46;12;1
27/07/2011;2011090;6;11;7;5;4;10
25/07/2011;2011089;38;22;3;11;41;7
23/07/2011;2011088;43;32;18;13;46;5
20/07/2011;2011087;26;45;18;23;6;6
18/07/2011;2011086;19;5;38;47;26;7
16/07/2011;2011085;27;35;42;18;37;3
13/07/2011;2011084;4;46;41;12;16;6
11/07/2011;2011083;7;43;23;48;47;9
09/07/2011;2011082;15;4;31;45;44;6
06/07/2011;2011081;9;33;10;24;3;6
04/07/2011;2011080;14;46;31;25;37;4
02/07/2011;2011079;49;11;26;1;7;5
29/06/2011;2011078;38;11;37;1;18;4
27/06/2011;2011077;43;5;14;20;12;3
25/06/2011;2011076;39;43;10;17;6;3
22/06/2011;2011075;33;21;26;28;22;5
20/06/2011;2011074;27;2;23;8;36;9
18/06/2011;2011073;9;12;43;46;33;10
15/06/2011;2011072;47;41;9;37;36;8
13/06/2011;2011071;22;3;18;17;28;6
11/06/2011;2011070;39;32;44;37;5;5
08/06/2011;2011069;20;16;40;11;24;5
06/06/2011;2011068;10;30;45;22;13;1
04/06/2011;2011067;35;4;27;15;3;2
01/06/2011;2011066;30;45;32;25;26;5
30/05/2011;2011065;14;22;47;20;21;9
28/05/2011;2011064;2;5;3;1;43;9
25/05/2011;2011063;14;45;34;27;38;3
23/05/2011;2011062;15;29;38;19;33;3
21/05/2011;2011061;27;15;35;5;14;10
18/05/2011;2011060;27;23;16;17;47;1
16/05/2011;2011059;41;43;9;11;46;8
14/05/2011;2011058;38;31;35;42;3;8
11/05/2011;2011057;45;14;26;28;38;5
09/05/2011;2011056;13;48;3;26;22;7
07/05/2011;2011055;42;28;37;38;3;8
04/05/2011;2011054;44;29;11;7;13;2
02/05/2011;2011053;25;23;4;1;40;2
30/04/2011;2011052;8;49;42;9;2;3
27/04/2011;2011051;5;26;14;28;23;6
25/04/2011;2011050;18;2;21;34;10;2
23/04/2011;2011049;40;21;28;32;8;9
20/04/2011;2011048;15;41;18;17;33;9
18/04/2011;2011047;6;10;22;7;21;5
16/04/2011;2011046;17;35;24;47;6;8
13/04/2011;2011045;38;6;33;43;23;1
11/04/2011;2011044;13;47;22;3;32;6
09/04/2011;2011043;6;20;31;22;41;8
06/04/2011;2011042;12;19;1;32;44;3
04/04/2011;2011041;12;23;37;13;10;7
02/04/2011;2011040;5;24;7;46;35;3
30/03/2011;2011039;15;23;27;43;29;10
28/03/2011;2011038;15;10;16;46;43;1
26/03/2011;2011037;17;26;34;4;30;9
23/03/2011;2011036;13;4;24;21;10;5
21/03/2011;2011035;28;23;3;40;31;1
19/03/2011;2011034;26;10;11;23;1;8
16/03/2011;2011033;23;20;32;7;14;4
14/03/2011;2011032;32;38;36;34;27;7
12/03/2011;2011031;15;34;22;33;16;9
09/03/2011;2011030;9;43;3;29;15;8
07/03/2011;2011029;7;38;23;9;17;5
05/03/2011;2011028;11;45;44;27;31;2
02/03/2011;2011027;20;22;40;2;3;7
28/02/2011;2011026;20;49;40;17;31;6
26/02/2011;2011025;35;24;10;26;48;1
23/02/2011;2011024;5;2;33;21;28;10
21/02/2011;2011023;36;20;21;9;46;6
19/02/2011;2011022;25;2;49;32;1;6
16/02/2011;2011021;44;35;32;8;33;9
14/02/2011;2011020;31;35;40;9;48;1
12/02/2011;2011019;13;38;2;45;4;2
09/02/2011;2011018;15;31;41;27;43;7
07/02/2011;2011017;6;8;49;35;25;1
05/02/2011;2011016;31;22;37;6;1;7
02/02/2011;2011015;27;6;44;23;22;3
31/01/2011;2011014;20;10;13;43;3;5
29/01/2011;2011013;14;33;44;31;12;8
26/01/2011;2011012;23;45;6;48;17;1
24/01/2011;2011011;3;39;6;48;9;4
22/01/2011;2011010;13;27;6;31;8;7
19/01/2011;2011009;36;4;12;13;1;4
17/01/2011;2011008;48;49;36;24;21;5
15/01/2011;2011007;26;43;6;36;29;8
12/01/2011;2011006;41;40;30;28;17;7
10/01/2011;2011005;35;33;40;37;11;4
08/01/2011;2011004;47;34;12;30;31;10
05/01/2011;2011003;27;47;4;5;32;5
03/01/2011;2011002;34;37;10;18;30;2
01/01/2011;2011001;43;49;46;34;11;3
29/12/2010;2010156;47;15;46;29;11;3
27/12/2010;2010155;30;44;42;39;13;9
25/12/2010;2010154;16;30;29;7;10;5
22/12/2010;2010153;8;18;36;1;29;9
20/12/2010;2010152;32;23;9;6;13;4
18/12/2010;2010151;35;41;40;11;22;7
15/12/2010;2010150;37;6;16;28;4;8
13/12/2010;2010149;6;14;49;40;9;3
11/12/2010;2010148;38;3;9;11;28;1
08/12/2010;2010147;19;15;44;4;24;1
06/12/2010;2010146;13;30;33;25;36;9
04/12/2010;2010145;33;12;24;7;15;6
01/12/2010;2010144;34;14;32;31;46;3
29/11/2010;2010143;15;23;16;41;30;8
27/11/2010;2010142;9;43;15;44;10;5
24/11/2010;2010141;32;20;22;47;14;5
22/11/2010;2010140;4;21;17;23;26;2
20/11/2010;2010139;27;12;11;29;1;2
17/11/2010;2010138;30;38;4;9;46;10
15/11/2010;2010137;33;47;14;20;17;1
13/11/2010;2010136;5;17;25;38;29;2
10/11/2010;2010135;47;48;20;39;16;4
08/11/2010;2010134;35;6;9;14;47;9
06/11/2010;2010133;24;19;35;7;42;3
03/11/2010;2010132;46;33;15;6;49;1
01/11/2010;2010131;17;24;28;1;15;10
30/10/2010;2010130;38;35;4;22;14;5
27/10/2010;2010129;32;13;15;46;3;5
25/10/2010;2010128;4;36;40;10;41;10
23/10/2010;2010127;47;49;9;16;14;7
20/10/2010;2010126;13;24;33;18;11;7
18/10/2010;2010125;1;31;38;26;29;5
16/10/2010;2010124;37;22;46;13;1;9
13/10/2010;2010123;33;22;9;44;25;3
11/10/2010;2010122;9;20;35;4;1;8
09/10/2010;2010121;17;43;23;2;26;3
06/10/2010;2010120;33;6;43;25;37;1
04/10/2010;2010119;7;46;31;29;9;8
02/10/2010;2010118;35;13;16;41;7;1
29/09/2010;2010117;41;32;33;25;26;3
27/09/2010;2010116;15;1;23;22;46;9
25/09/2010;2010115;42;5;12;29;21;2
22/09/2010;2010114;37;38;2;14;17;1
20/09/2010;2010113;1;37;25;45;17;9
18/09/2010;2010112;7;43;33;11;1;1
15/09/2010;2010111;40;1;30;8;38;6
13/09/2010;2010110;33;39;25;43;8;8
11/09/2010;2010109;36;41;45;13;7;5
08/09/2010;2010108;24;47;21;44;13;3
06/09/2010;2010107;29;22;17;19;43;8
04/09/2010;2010106;11;42;9;49;15;3
01/09/2010;2010105;20;39;33;21;16;2
30/08/2010;2010104;22;49;28;3;16;4
28/08/2010;2010103;13;16;18;20;19;2
25/08/2010;2010102;39;49;23;19;36;3
23/08/2010;2010101;49;41;9;28;16;5
21/08/2010;2010100;8;44;14;48;29;7
18/08/2010;2010099;49;43;46;27;23;6
16/08/2010;2010098;13;22;40;28;31;9
14/08/2010;2010097;21;27;9;49;11;5
11/08/2010;2010096;7;22;8;26;5;2
09/08/2010;2010095;7;15;18;8;25;6
07/08/2010;2010094;43;6;46;27;5;7
04/08/2010;2010093;32;8;46;22;9;8
02/08/2010;2010092;16;32;44;38;37;3
31/07/2010;2010091;2;25;44;28;8;4
28/07/2010;2010090;25;37;7;10;47;10
26/07/2010;2010089;4;42;37;23;43;7
24/07/2010;2010088;18;43;16;7;33;5
21/07/2010;2010087;43;45;21;3;9;1
19/07/2010;2010086;27;24;16;10;47;5
17/07/2010;2010085;32;28;47;20;22;6
14/07/2010;2010084;48;30;5;26;11;1
12/07/2010;2010083;47;11;15;24;38;6
10/07/2010;2010082;27;32;12;42;30;7
07/07/2010;2010081;20;47;49;26;31;10
05/07/2010;2010080;39;33;43;22;31;10
03/07/2010;2010079;10;46;2;33;28;8
30/06/2010;2010078;14;44;28;18;17;2
28/06/2010;2010077;41;49;42;19;12;8
26/06/2010;2010076;47;16;11;37;7;10
23/06/2010;2010075;16;27;41;1;35;1
21/06/2010;2010074;45;35;24;37;48;2
19/06/2010;2010073;21;23;19;36;49;4
16/06/2010;2010072;40;48;15;9;3;10
14/06/2010;2010071;15;48;23;49;45;2
12/06/2010;2010070;30;43;48;24;15;7
09/06/2010;2010069;14;48;44;24;20;10
07/06/2010;2010068;29;48;42;28;26;1
05/06/2010;2010067;37;43;31;45;22;5
02/06/2010;2010066;43;11;14;23;17;10
31/05/2010;2010065;46;49;32;5;33;1
29/05/2010;2010064;33;21;49;26;46;1
26/05/2010;2010063;47;3;35;22;6;1
24/05/2010;2010062;8;35;29;12;3;1
22/05/2010;2010061;2;48;40;46;17;10
19/05/2010;2010060;24;12;17;38;30;7
17/05/2010;2010059;9;27;26;29;36;5
15/05/2010;2010058;32;31;44;27;9;8
12/05/2010;2010057;28;22;27;14;23;4
10/05/2010;2010056;41;4;35;33;10;5
08/05/2010;2010055;16;29;31;39;1;2
05/05/2010;2010054;10;30;18;27;4;1
03/05/2010;2010053;8;11;12;26;48;6
01/05/2010;2010052;39;28;3;42;6;5
28/04/2010;2010051;34;49;9;25;38;1
26/04/2010;2010050;29;24;4;46;7;10
24/04/2010;2010049;17;34;27;3;41;4
21/04/2010;2010048;24;26;35;9;1;4
19/04/2010;2010047;44;22;17;38;2;8
17/04/2010;2010046;24;42;16;9;32;3
14/04/2010;2010045;9;12;29;2;21;7
12/04/2010;2010044;4;36;11;31;46;10
10/04/2010;2010043;33;13;49;36;22;4
07/04/2010;2010042;28;11;2;33;43;1
05/04/2010;2010041;17;18;36;21;47;6
03/04/2010;2010040;35;39;20;48;42;2
31/03/2010;2010039;46;28;21;39;49;1
29/03/2010;2010038;2;44;41;34;46;2
27/03/2010;2010037;43;42;9;21;46;6
24/03/2010;2010036;28;9;35;8;42;6
22/03/2010;2010035;44;34;25;47;29;9
20/03/2010;2010034;15;36;28;49;2;3
17/03/2010;2010033;46;1;24;18;9;7
15/03/2010;2010032;18;15;1;4;38;6
13/03/2010;2010031;32;37;16;6;8;7
10/03/2010;2010030;36;13;44;1;48;2
08/03/2010;2010029;23;11;43;49;10;10
06/03/2010;2010028;5;18;26;9;36;9
03/03/2010;2010027;17;37;23;25;2;7
01/03/2010;2010026;19;11;8;48;49;7
27/02/2010;2010025;13;40;2;10;35;1
24/02/2010;2010024;45;2;1;27;31;8
22/02/2010;2010023;41;48;18;11;24;2
20/02/2010;2010022;34;49;36;39;23;8
17/02/2010;2010021;23;40;26;22;29;5
15/02/2010;2010020;48;39;24;8;15;8
13/02/2010;2010019;1;7;38;3;14;5
10/02/2010;2010018;6;45;19;12;11;10
08/02/2010;2010017;36;13;24;7;42;4
06/02/2010;2010016;16;37;18;5;34;5
03/02/2010;2010015;44;48;7;30;13;7
01/02/2010;2010014;29;1;39;40;18;2
30/01/2010;2010013;44;26;18;21;47;3
27/01/2010;2010012;10;15;43;45;5;9
25/01/2010;2010011;6;8;31;45;36;9
23/01/2010;2010010;24;39;2;13;48;1
20/01/2010;2010009;13;37;48;45;28;9
18/01/2010;2010008;8;7;22;28;38;10
16/01/2010;2010007;21;38;32;3;33;10
13/01/2010;2010006;31;4;14;37;7;8
11/01/2010;2010005;24;20;31;36;6;4
09/01/2010;2010004;35;4;14;23;46;7
06/01/2010;2010003;19;49;31;44;38;3
04/01/2010;2010002;33;21;41;18;32;9
02/01/2010;2010001;43;5;23;49;17;4
30/12/2009;2009274;21;39;5;2;15;10
28/12/2009;2009273;23;12;15;27;46;6
26/12/2009;2009272;7;6;41;25;16;5
23/12/2009;2009271;24;44;18;17;15;6
21/12/2009;2009270;38;42;28;3;27;9
19/12/2009;2009269;40;15;16;6;9;6
16/12/2009;2009268;39;15;23;49;30;5
14/12/2009;2009267;46;8;26;13;38;2
12/12/2009;2009266;4;30;13;18;39;1
09/12/2009;2009265;1;31;11;22;23;1
07/12/2009;2009264;20;42;43;33;19;5
05/12/2009;2009263;28;22;7;16;39;7
02/12/2009;2009262;10;47;20;28;21;6
30/11/2009;2009261;12;43;7;23;27;6
28/11/2009;2009260;35;37;41;15;39;4
25/11/2009;2009259;14;33;39;15;11;6
23/11/2009;2009258;13;12;3;37;30;8
21/11/2009;2009257;20;33;46;40;12;6
18/11/2009;2009256;24;20;22;19;1;6
16/11/2009;2009255;20;32;36;19;27;7
14/11/2009;2009254;39;16;47;28;24;9
11/11/2009;2009253;41;47;22;17;7;6
09/11/2009;2009252;3;2;29;48;1;9
07/11/2009;2009251;1;41;13;3;18;1
04/11/2009;2009250;33;18;19;22;23;1
02/11/2009;2009249;17;34;23;40;9;9
31/10/2009;2009248;23;39;36;27;30;2
28/10/2009;2009247;8;11;7;37;30;3
26/10/2009;2009246;49;47;42;1;3;7
24/10/2009;2009245;39;28;15;38;27;10
21/10/2009;2009244;10;49;26;15;1;7
19/10/2009;2009243;4;31;11;3;6;1
17/10/2009;2009242;12;49;8;20;16;5
14/10/2009;2009241;6;35;36;42;24;2
12/10/2009;2009240;38;7;48;43;28;5
10/10/2009;2009239;3;38;1;23;16;3
07/10/2009;2009238;4;1;21;12;46;8
05/10/2009;2009237;21;12;20;11;32;4
03/10/2009;2009236;47;15;49;7;9;7
30/09/2009;2009235;33;35;40;5;2;4
28/09/2009;2009234;30;20;16;3;44;4
26/09/2009;2009233;2;37;43;21;25;9
23/09/2009;2009232;24;42;4;47;5;6
21/09/2009;2009231;3;4;38;46;7;2
19/09/2009;2009230;12;27;38;33;19;7
16/09/2009;2009229;40;7;21;25;30;1
14/09/2009;2009228;9;18;43;32;22;1
12/09/2009;2009227;41;11;4;29;7;4
09/09/2009;2009226;1;12;23;22;7;4
07/09/2009;2009225;8;21;4;31;39;2
05/09/2009;2009224;1;37;17;44;20;8
02/09/2009;2009223;17;5;12;6;15;1
31/08/2009;2009222;16;13;1;5;20;2
29/08/2009;2009221;34;7;27;23;19;7
26/08/2009;2009220;44;31;7;38;14;1
24/08/2009;2009219;22;18;33;28;11;2
22/08/2009;2009218;31;21;8;27;29;10
19/08/2009;2009217;35;42;7;33;28;10
17/08/2009;2009216;2;9;17;14;25;9
15/08/2009;2009215;1;41;32;24;27;9
12/08/2009;2009214;6;33;17;34;39;5
10/08/2009;2009213;5;22;31;2;24;6
08/08/2009;2009212;41;20;16;38;2;9
05/08/2009;2009211;40;10;29;20;43;7
03/08/2009;2009210;9;38;18;26;49;8
01/08/2009;2009209;44;10;18;45;22;6
29/07/2009;2009208;16;25;14;35;3;3
27/07/2009;2009207;18;47;7;13;48;4
25/07/2009;2009206;27;40;3;14;33;9
22/07/2009;2009205;24;35;45;28;17;6
20/07/2009;2009204;27;23;44;34;5;1
18/07/2009;2009203;44;14;26;34;9;9
15/07/2009;2009202;4;1;23;14;25;10
13/07/2009;2009201;26;2;20;34;18;1
11/07/2009;2009200;14;17;35;5;42;1
08/07/2009;2009199;16;4;10;6;5;3
06/07/2009;2009198;12;31;32;44;45;2
04/07/2009;2009197;39;4;8;43;27;3
01/07/2009;2009196;34;5;28;13;29;4
29/06/2009;2009195;35;43;9;28;10;8
27/06/2009;2009194;13;4;3;41;6;8
24/06/2009;2009193;17;21;22;16;4;1
22/06/2009;2009192;36;17;42;28;41;4
20/06/2009;2009191;26;27;49;21;33;7
17/06/2009;2009190;3;27;41;8;37;2
15/06/2009;2009189;49;11;41;21;40;4
13/06/2009;2009188;39;16;46;28;24;4
10/06/2009;2009187;45;42;27;49;48;7
08/06/2009;2009186;31;29;41;25;22;5
06/06/2009;2009185;32;46;13;33;15;10
03/06/2009;2009184;46;21;32;26;14;6
01/06/2009;2009183;18;26;47;24;35;1
30/05/2009;2009182;30;25;34;14;10;9
27/05/2009;2009181;7;48;5;3;23;7
25/05/2009;2009180;46;40;6;3;25;4
23/05/2009;2009179;38;13;33;3;25;3
20/05/2009;2009178;35;28;15;3;23;10
18/05/2009;2009177;49;26;35;34;28;4
16/05/2009;2009176;1;2;26;44;7;9
13/05/2009;2009175;38;36;49;39;12;10
11/05/2009;2009174;15;27;48;9;34;6
09/05/2009;2009173;45;28;22;30;20;3
06/05/2009;2009172;48;36;13;20;44;1
04/05/2009;2009171;33;1;23;12;46;1
02/05/2009;2009170;7;15;11;5;23;1
29/04/2009;2009169;4;30;29;26;15;3
27/04/2009;2009168;9;37;21;34;4;2
25/04/2009;2009167;34;23;49;9;20;8
22/04/2009;2009166;2;31;49;33;43;9
20/04/2009;2009165;11;34;38;43;12;3
18/04/2009;2009164;31;20;45;12;32;8
15/04/2009;2009163;23;43;37;12;39;8
13/04/2009;2009162;20;24;30;11;9;1
11/04/2009;2009161;21;5;2;23;19;7
08/04/2009;2009160;46;33;10;34;7;6
06/04/2009;2009159;43;33;48;31;28;7
04/04/2009;2009158;37;41;27;8;45;6
01/04/2009;2009157;37;27;30;22;45;3
30/03/2009;2009156;32;47;45;29;24;10
28/03/2009;2009155;19;26;23;22;27;2
25/03/2009;2009154;10;34;15;33;5;7
23/03/2009;2009153;1;25;10;2;33;4
21/03/2009;2009152;45;32;15;2;39;10
18/03/2009;2009151;42;3;39;20;34;2
16/03/2009;2009150;27;45;35;36;44;2
14/03/2009;2009149;27;18;20;11;38;6
11/03/2009;2009148;4;7;11;22;8;5
09/03/2009;2009147;27;32;5;40;3;9
07/03/2009;2009146;36;15;24;2;22;8
04/03/2009;2009145;7;9;29;25;10;6
02/03/2009;2009144;41;29;14;48;8;10
28/02/2009;2009143;45;14;41;25;16;10
25/02/2009;2009142;15;4;21;30;36;4
23/02/2009;2009141;3;14;34;31;22;7
21/02/2009;2009140;47;21;48;39;40;5
18/02/2009;2009139;28;40;10;23;43;9
16/02/2009;2009138;46;23;29;21;16;4
14/02/2009;2009137;12;24;18;44;16;4
11/02/2009;2009136;35;46;10;1;14;8
09/02/2009;2009135;17;13;31;3;46;5
07/02/2009;2009134;4;16;34;22;49;10
04/02/2009;2009133;20;43;47;27;10;3
02/02/2009;2009132;4;38;12;31;41;8
31/01/2009;2009131;6;31;40;18;36;7
28/01/2009;2009130;40;7;41;38;46;5
26/01/2009;2009129;39;8;13;49;10;10
24/01/2009;2009128;5;40;15;20;28;10
21/01/2009;2009127;32;47;10;35;3;3
19/01/2009;2009126;39;38;7;32;26;9
17/01/2009;2009125;2;46;27;37;5;4
14/01/2009;2009124;5;42;1;19;13;3
12/01/2009;2009123;47;11;29;4;9;8
10/01/2009;2009122;49;40;21;10;44;2
07/01/2009;2009121;37;39;9;33;11;8
05/01/2009;2009120;8;29;36;25;11;2
03/01/2009;2009119;47;22;24;12;38;1
31/12/2008;2008118;11;5;20;30;24;8
29/12/2008;2008117;26;38;14;21;27;4
27/12/2008;2008116;36;47;17;49;37;10
24/12/2008;2008115;33;27;2;41;4;5
22/12/2008;2008114;5;27;2;35;48;3
20/12/2008;2008113;41;46;2;22;26;5
17/12/2008;2008112;49;44;31;13;33;9
15/12/2008;2008111;48;5;15;2;27;8
13/12/2008;2008110;24;38;8;42;31;7
10/12/2008;2008109;41;38;10;35;11;3
08/12/2008;2008108;29;15;1;31;11;8
06/12/2008;2008107;48;2;5;13;24;4
03/12/2008;2008106;26;29;34;42;31;10
01/12/2008;2008105;32;15;19;37;38;1
29/11/2008;2008104;18;36;20;32;22;7
26/11/2008;2008103;49;11;13;25;28;5
24/11/2008;2008102;43;36;31;30;17;8
22/11/2008;2008101;45;12;30;36;20;6
19/11/2008;2008100;34;26;37;41;2;4
17/11/2008;2008099;1;6;19;23;41;6
15/11/2008;2008098;41;10;48;43;22;3
12/11/2008;2008097;45;35;34;40;23;5
10/11/2008;2008096;12;9;21;45;38;6
08/11/2008;2008095;25;35;33;5;22;9
05/11/2008;2008094;47;4;38;15;8;7
03/11/2008;2008093;26;2;23;20;24;8
01/11/2008;2008092;22;4;27;36;45;3
29/10/2008;2008091;43;28;22;41;49;4
27/10/2008;2008090;46;37;44;4;6;2
25/10/2008;2008089;13;11;22;46;19;3
22/10/2008;2008088;11;28;12;48;14;2
20/10/2008;2008087;43;7;48;31;15;3
18/10/2008;2008086;44;35;4;32;39;10
15/10/2008;2008085;49;28;18;20;40;1
13/10/2008;2008084;11;10;41;37;48;4
11/10/2008;2008083;46;22;10;39;20;4
08/10/2008;2008082;24;48;32;41;22;1
06/10/2008;2008081;19;33;41;24;27;9
04/10/2008;2008080;33;32;42;16;15;0
04/10/2008;2008080;36;9;16;27;25;0
01/10/2008;2008079;41;16;14;18;10;0
01/10/2008;2008079;29;28;3;1;6;0
27/09/2008;2008078;24;47;39;42;45;0
27/09/2008;2008078;28;7;24;35;32;0
24/09/2008;2008077;2;33;34;28;8;0
24/09/2008;2008077;9;19;32;21;20;0
20/09/2008;2008076;24;40;13;9;47;0
20/09/2008;2008076;31;26;47;10;12;0
17/09/2008;2008075;31;49;9;30;29;0
17/09/2008;2008075;26;43;49;40;48;0
13/09/2008;2008074;11;36;34;14;35;0
13/09/2008;2008074;28;40;8;9;17;0
10/09/2008;2008073;7;24;6;12;2;0
10/09/2008;2008073;38;36;19;5;39;0
06/09/2008;2008072;20;34;49;21;46;0
06/09/2008;2008072;22;40;12;46;29;0
03/09/2008;2008071;29;12;27;4;2;0
03/09/2008;2008071;28;15;26;42;14;0
30/08/2008;2008070;6;32;23;19;47;0
30/08/2008;2008070;47;21;5;20;37;0
27/08/2008;2008069;49;34;21;19;32;0
27/08/2008;2008069;39;25;8;7;43;0
23/08/2008;2008068;12;40;43;8;31;0
23/08/2008;2008068;37;39;3;7;26;0
20/08/2008;2008067;15;17;26;32;12;0
20/08/2008;2008067;5;44;10;41;11;0
16/08/2008;2008066;5;25;34;12;20;0
16/08/2008;2008066;42;21;41;29;24;0
13/08/2008;2008065;41;43;25;23;4;0
13/08/2008;2008065;23;49;29;11;38;0
09/08/2008;2008064;19;29;25;24;6;0
09/08/2008;2008064;24;48;47;6;2;0
06/08/2008;2008063;16;40;46;39;43;0
06/08/2008;2008063;13;26;35;30;47;0
02/08/2008;2008062;11;9;27;18;46;0
02/08/2008;2008062;34;32;15;16;17;0
30/07/2008;2008061;44;7;48;32;40;0
30/07/2008;2008061;32;33;7;35;36;0
26/07/2008;2008060;45;20;48;44;31;0
26/07/2008;2008060;41;13;27;18;42;0
23/07/2008;2008059;29;4;35;23;17;0
23/07/2008;2008059;16;48;6;22;5;0
19/07/2008;2008058;3;47;10;25;40;0
19/07/2008;2008058;41;1;11;46;19;0
16/07/2008;2008057;23;29;34;47;21;0
16/07/2008;2008057;47;17;10;1;16;0
12/07/2008;2008056;6;9;7;43;8;0
12/07/2008;2008056;26;27;4;18;20;0
09/07/2008;2008055;45;34;39;21;13;0
09/07/2008;2008055;46;25;36;4;16;0
05/07/2008;2008054;35;36;44;39;13;0
05/07/2008;2008054;18;26;17;23;12;0
02/07/2008;2008053;34;26;3;17;4;0
02/07/2008;2008053;43;33;38;14;27;0
28/06/2008;2008052;44;7;16;29;26;0
28/06/2008;2008052;30;18;17;7;22;0
25/06/2008;2008051;5;27;44;3;35;0
25/06/2008;2008051;12;36;2;1;30;0
21/06/2008;2008050;30;19;2;10;22;0
21/06/2008;2008050;29;14;41;17;28;0
18/06/2008;2008049;46;1;39;11;32;0
18/06/2008;2008049;49;29;21;11;48;0
14/06/2008;2008048;1;27;11;24;20;0
14/06/2008;2008048;24;39;1;16;35;0
11/06/2008;2008047;22;47;45;26;35;0
11/06/2008;2008047;6;7;35;46;45;0
07/06/2008;2008046;30;3;1;33;9;0
07/06/2008;2008046;20;15;40;13;2;0
04/06/2008;2008045;46;15;11;40;8;0
04/06/2008;2008045;39;27;30;19;13;0
31/05/2008;2008044;43;19;48;1;3;0
31/05/2008;2008044;23;2;46;42;32;0
28/05/2008;2008043;24;12;17;46;14;0
28/05/2008;2008043;14;18;29;30;32;0
24/05/2008;2008042;33;48;32;5;16;0
24/05/2008;2008042;32;8;39;7;1;0
21/05/2008;2008041;14;17;33;1;7;0
21/05/2008;2008041;5;34;17;35;13;0
17/05/2008;2008040;20;35;28;13;1;0
17/05/2008;2008040;10;37;25;4;36;0
14/05/2008;2008039;12;13;5;17;31;0
14/05/2008;2008039;39;14;18;16;10;0
10/05/2008;2008038;47;20;40;21;7;0
10/05/2008;2008038;17;42;14;23;15;0
07/05/2008;2008037;21;35;14;24;12;0
07/05/2008;2008037;45;43;37;25;47;0
03/05/2008;2008036;41;18;16;4;34;0
03/05/2008;2008036;41;13;16;48;14;0
30/04/2008;2008035;49;31;27;40;38;0
30/04/2008;2008035;42;16;29;13;35;0
26/04/2008;2008034;34;49;37;14;3;0
26/04/2008;2008034;15;28;27;11;37;0
23/04/2008;2008033;14;36;3;17;25;0
23/04/2008;2008033;23;33;3;45;39;0
19/04/2008;2008032;10;2;8;21;15;0
19/04/2008;2008032;10;49;26;11;34;0
16/04/2008;2008031;41;2;44;5;47;0
16/04/2008;2008031;37;13;31;48;25;0
12/04/2008;2008030;45;17;18;8;24;0
12/04/2008;2008030;44;49;27;48;24;0
09/04/2008;2008029;32;14;9;5;48;0
09/04/2008;2008029;8;41;19;37;3;0
05/04/2008;2008028;21;27;6;47;30;0
05/04/2008;2008028;10;2;32;44;20;0
02/04/2008;2008027;14;43;27;46;42;0
02/04/2008;2008027;7;28;41;9;2;0
29/03/2008;2008026;36;19;4;21;18;0
29/03/2008;2008026;7;3;10;11;38;0
26/03/2008;2008025;4;46;34;5;18;0
26/03/2008;2008025;49;6;21;10;17;0
22/03/2008;2008024;11;35;38;28;44;0
22/03/2008;2008024;43;8;31;9;10;0
19/03/2008;2008023;20;34;37;25;1;0
19/03/2008;2008023;36;6;33;26;42;0
15/03/2008;2008022;44;5;6;22;30;0
15/03/2008;2008022;17;38;23;45;9;0
12/03/2008;2008021;19;1;31;22;39;0
12/03/2008;2008021;32;44;8;24;14;0
08/03/2008;2008020;24;36;11;3;42;0
08/03/2008;2008020;18;11;12;43;10;0
05/03/2008;2008019;41;30;28;46;42;0
05/03/2008;2008019;1;37;9;12;11;0
01/03/2008;2008018;2;32;40;33;34;0
01/03/2008;2008018;23;16;44;38;4;0
27/02/2008;2008017;3;40;12;37;46;0
27/02/2008;2008017;23;37;39;41;21;0
23/02/2008;2008016;22;41;17;30;3;0
23/02/2008;2008016;26;3;8;46;19;0
20/02/2008;2008015;13;30;14;10;19;0
20/02/2008;2008015;40;39;31;20;29;0
16/02/2008;2008014;49;35;27;8;39;0
16/02/2008;2008014;5;41;47;33;46;0
13/02/2008;2008013;7;32;31;42;23;0
13/02/2008;2008013;13;15;6;29;33;0
09/02/2008;2008012;37;40;14;8;18;0
09/02/2008;2008012;38;45;13;27;12;0
06/02/2008;2008011;2;47;3;17;44;0
06/02/2008;2008011;8;22;46;2;10;0
02/02/2008;2008010;39;26;19;5;6;0
02/02/2008;2008010;31;15;32;5;30;0
30/01/2008;2008009;19;8;35;4;34;0
30/01/2008;2008009;3;33;38;9;48;0
26/01/2008;2008008;33;31;38;45;47;0
26/01/2008;2008008;42;46;22;20;48;0
23/01/2008;2008007;38;25;45;44;31;0
23/01/2008;2008007;28;24;10;7;25;0
19/01/2008;2008006;15;24;44;34;16;0
19/01/2008;2008006;34;17;24;39;37;0
16/01/2008;2008005;2;41;33;14;34;0
16/01/2008;2008005;38;31;1;14;26;0
12/01/2008;2008004;34;26;39;35;37;0
12/01/2008;2008004;5;21;24;36;19;0
09/01/2008;2008003;26;9;39;33;44;0
09/01/2008;2008003;16;3;11;29;5;0
05/01/2008;2008002;20;7;40;16;47;0
05/01/2008;2008002;3;25;46;11;5;0
02/01/2008;2008001;29;7;37;5;31;0
02/01/2008;2008001;6;3;19;8;37;0
29/12/2007;2007104;27;10;13;8;41;0
29/12/2007;2007104;32;48;31;26;25;0
26/12/2007;2007103;9;8;16;11;40;0
26/12/2007;2007103;41;39;27;14;35;0
22/12/2007;2007102;17;33;43;32;28;0
22/12/2007;2007102;31;14;25;15;11;0
19/12/2007;2007101;20;27;14;1;15;0
19/12/2007;2007101;45;19;48;3;30;0
15/12/2007;2007100;46;42;37;31;7;0
15/12/2007;2007100;21;47;15;4;40;0
12/12/2007;2007099;45;28;22;15;21;0
12/12/2007;2007099;17;10;38;44;4;0
08/12/2007;2007098;44;14;25;3;15;0
08/12/2007;2007098;43;19;3;2;42;0
05/12/2007;2007097;28;24;20;46;49;0
05/12/2007;2007097;39;25;37;33;32;0
01/12/2007;2007096;2;20;15;4;39;0
01/12/2007;2007096;34;30;23;19;48;0
28/11/2007;2007095;35;16;34;2;29;0
28/11/2007;2007095;36;17;30;23;42;0
24/11/2007;2007094;44;29;17;26;27;0
24/11/2007;2007094;19;29;16;48;9;0
21/11/2007;2007093;8;33;22;43;17;0
21/11/2007;2007093;20;32;6;38;27;0
17/11/2007;2007092;22;33;8;31;34;0
17/11/2007;2007092;23;11;1;16;40;0
14/11/2007;2007091;43;18;34;16;17;0
14/11/2007;2007091;7;44;41;39;32;0
10/11/2007;2007090;46;25;11;33;48;0
10/11/2007;2007090;30;31;41;42;19;0
07/11/2007;2007089;9;28;44;40;42;0
07/11/2007;2007089;45;40;42;21;8;0
03/11/2007;2007088;11;41;6;20;39;0
03/11/2007;2007088;4;33;3;45;28;0
31/10/2007;2007087;16;46;24;19;23;0
31/10/2007;2007087;39;40;19;30;7;0
27/10/2007;2007086;39;21;26;48;28;0
27/10/2007;2007086;25;28;8;42;37;0
24/10/2007;2007085;36;38;29;21;3;0
24/10/2007;2007085;27;33;6;36;17;0
20/10/2007;2007084;31;6;48;15;4;0
20/10/2007;2007084;5;39;37;34;9;0
17/10/2007;2007083;2;47;28;40;13;0
17/10/2007;2007083;45;38;14;19;9;0
13/10/2007;2007082;25;23;11;49;3;0
13/10/2007;2007082;30;47;39;11;40;0
10/10/2007;2007081;21;25;2;4;46;0
10/10/2007;2007081;15;24;34;42;40;0
06/10/2007;2007080;38;8;5;39;1;0
06/10/2007;2007080;31;36;28;40;14;0
03/10/2007;2007079;42;18;40;30;21;0
03/10/2007;2007079;2;6;30;5;15;0
29/09/2007;2007078;23;25;30;6;24;0
29/09/2007;2007078;1;34;29;49;33;0
26/09/2007;2007077;18;4;5;11;48;0
26/09/2007;2007077;8;16;31;10;34;0
22/09/2007;2007076;38;1;25;49;2;0
22/09/2007;2007076;24;36;27;31;8;0
19/09/2007;2007075;10;8;41;39;46;0
19/09/2007;2007075;8;10;28;20;33;0
15/09/2007;2007074;18;15;23;25;41;0
15/09/2007;2007074;47;21;30;10;28;0
12/09/2007;2007073;7;41;21;39;2;0
12/09/2007;2007073;45;49;23;48;6;0
08/09/2007;2007072;4;5;19;1;17;0
08/09/2007;2007072;26;40;28;12;43;0
05/09/2007;2007071;38;10;5;12;35;0
05/09/2007;2007071;31;12;43;49;18;0
01/09/2007;2007070;46;37;16;48;9;0
01/09/2007;2007070;45;27;39;31;18;0
29/08/2007;2007069;17;3;14;36;11;0
29/08/2007;2007069;39;14;32;19;20;0
25/08/2007;2007068;44;37;45;16;3;0
25/08/2007;2007068;22;13;12;19;8;0
22/08/2007;2007067;7;14;34;40;36;0
22/08/2007;2007067;14;13;48;29;30;0
18/08/2007;2007066;39;35;13;48;8;0
18/08/2007;2007066;29;31;30;17;10;0
15/08/2007;2007065;7;32;38;30;36;0
15/08/2007;2007065;9;32;44;8;33;0
11/08/2007;2007064;18;35;36;38;13;0
11/08/2007;2007064;12;25;46;23;38;0
08/08/2007;2007063;47;13;35;41;19;0
08/08/2007;2007063;21;13;46;45;32;0
04/08/2007;2007062;8;34;32;36;46;0
04/08/2007;2007062;32;20;26;40;49;0
01/08/2007;2007061;41;24;29;6;33;0
01/08/2007;2007061;24;2;41;38;42;0
28/07/2007;2007060;39;20;48;8;33;0
28/07/2007;2007060;22;40;36;3;20;0
25/07/2007;2007059;8;30;33;47;6;0
25/07/2007;2007059;21;31;6;12;17;0
21/07/2007;2007058;3;22;15;4;33;0
21/07/2007;2007058;31;27;13;29;34;0
18/07/2007;2007057;12;14;38;17;28;0
18/07/2007;2007057;21;6;31;1;13;0
14/07/2007;2007056;23;26;16;25;33;0
14/07/2007;2007056;10;39;4;20;24;0
11/07/2007;2007055;23;46;15;2;20;0
11/07/2007;2007055;35;2;23;21;3;0
07/07/2007;2007054;17;4;24;21;27;0
07/07/2007;2007054;36;14;22;2;35;0
04/07/2007;2007053;8;24;38;20;34;0
04/07/2007;2007053;45;44;36;33;20;0
30/06/2007;2007052;6;28;33;29;43;0
30/06/2007;2007052;35;29;11;9;24;0
27/06/2007;2007051;8;37;34;20;39;0
27/06/2007;2007051;42;6;29;13;12;0
23/06/2007;2007050;47;15;37;5;11;0
23/06/2007;2007050;43;13;28;7;45;0
20/06/2007;2007049;12;33;45;14;15;0
20/06/2007;2007049;14;10;2;42;5;0
16/06/2007;2007048;20;40;38;31;37;0
16/06/2007;2007048;32;40;26;12;3;0
13/06/2007;2007047;15;40;3;41;34;0
13/06/2007;2007047;8;3;13;40;22;0
09/06/2007;2007046;17;3;10;46;35;0
09/06/2007;2007046;28;4;26;22;35;0
06/06/2007;2007045;31;9;33;29;46;0
06/06/2007;2007045;35;41;16;22;47;0
02/06/2007;2007044;14;27;49;24;47;0
02/06/2007;2007044;17;15;27;48;28;0
30/05/2007;2007043;25;39;49;23;11;0
30/05/2007;2007043;9;32;10;22;15;0
26/05/2007;2007042;30;43;6;34;46;0
26/05/2007;2007042;2;29;16;22;21;0
23/05/2007;2007041;36;27;1;5;8;0
23/05/2007;2007041;47;3;15;40;7;0
19/05/2007;2007040;10;46;34;21;35;0
19/05/2007;2007040;9;2;48;43;41;0
16/05/2007;2007039;22;49;19;4;41;0
16/05/2007;2007039;8;32;47;36;30;0
12/05/2007;2007038;26;3;39;38;2;0
12/05/2007;2007038;35;12;39;31;26;0
09/05/2007;2007037;8;27;36;12;49;0
09/05/2007;2007037;3;16;21;22;35;0
05/05/2007;2007036;21;4;20;1;48;0
05/05/2007;2007036;27;2;40;3;36;0
02/05/2007;2007035;6;15;48;19;32;0
02/05/2007;2007035;1;15;3;31;19;0
28/04/2007;2007034;13;47;4;26;23;0
28/04/2007;2007034;42;25;37;28;46;0
25/04/2007;2007033;14;19;2;3;40;0
25/04/2007;2007033;8;16;27;29;18;0
21/04/2007;2007032;10;25;48;3;33;0
21/04/2007;2007032;41;49;10;44;15;0
18/04/2007;2007031;39;38;44;9;11;0
18/04/2007;2007031;26;12;5;21;8;0
14/04/2007;2007030;36;2;26;7;17;0
14/04/2007;2007030;49;23;44;36;7;0
11/04/2007;2007029;44;8;33;36;34;0
11/04/2007;2007029;37;28;20;7;47;0
07/04/2007;2007028;42;20;28;10;24;0
07/04/2007;2007028;46;39;17;13;9;0
04/04/2007;2007027;20;33;5;35;26;0
04/04/2007;2007027;26;7;41;44;5;0
31/03/2007;2007026;16;4;30;11;24;0
31/03/2007;2007026;17;46;36;3;21;0
28/03/2007;2007025;36;25;18;19;21;0
28/03/2007;2007025;34;39;46;19;44;0
24/03/2007;2007024;34;17;45;36;42;0
24/03/2007;2007024;15;3;10;30;17;0
21/03/2007;2007023;9;39;38;48;12;0
21/03/2007;2007023;23;46;15;34;20;0
17/03/2007;2007022;6;48;41;10;34;0
17/03/2007;2007022;32;44;48;9;27;0
14/03/2007;2007021;31;29;33;35;12;0
14/03/2007;2007021;2;17;8;27;26;0
10/03/2007;2007020;10;46;12;21;8;0
10/03/2007;2007020;10;42;24;28;15;0
07/03/2007;2007019;14;8;35;33;38;0
07/03/2007;2007019;36;35;14;49;38;0
03/03/2007;2007018;36;10;4;9;19;0
03/03/2007;2007018;27;37;42;26;38;0
28/02/2007;2007017;18;12;49;20;25;0
28/02/2007;2007017;11;6;24;36;25;0
24/02/2007;2007016;23;34;13;38;30;0
24/02/2007;2007016;23;27;14;36;35;0
21/02/2007;2007015;16;41;24;5;26;0
21/02/2007;2007015;17;4;26;46;23;0
17/02/2007;2007014;10;46;35;9;40;0
17/02/2007;2007014;2;22;29;21;3;0
14/02/2007;2007013;38;1;15;26;28;0
14/02/2007;2007013;19;43;4;30;42;0
10/02/2007;2007012;46;2;29;10;20;0
10/02/2007;2007012;11;15;8;41;49;0
07/02/2007;2007011;34;40;37;5;30;0
07/02/2007;2007011;27;32;24;13;44;0
03/02/2007;2007010;10;11;44;40;45;0
03/02/2007;2007010;31;33;44;34;46;0
31/01/2007;2007009;31;47;10;42;26;0
31/01/2007;2007009;27;20;12;5;43;0
27/01/2007;2007008;38;19;30;24;42;0
27/01/2007;2007008;47;29;11;44;42;0
24/01/2007;2007007;21;42;49;26;13;0
24/01/2007;2007007;40;5;37;13;32;0
20/01/2007;2007006;19;49;43;47;42;0
20/01/2007;2007006;19;46;16;11;10;0
17/01/2007;2007005;39;43;22;30;6;0
17/01/2007;2007005;26;44;25;33;12;0
13/01/2007;2007004;6;20;5;17;39;0
13/01/2007;2007004;16;47;35;21;22;0
10/01/2007;2007003;42;45;34;7;24;0
10/01/2007;2007003;38;49;37;36;32;0
06/01/2007;2007002;7;1;38;34;27;0
06/01/2007;2007002;20;4;21;48;40;0
03/01/2007;2007001;39;33;49;1;45;0
03/01/2007;2007001;46;20;29;41;49;0
30/12/2006;2006104;23;1;36;32;28;0
30/12/2006;2006104;26;6;23;20;33;0
27/12/2006;2006103;26;20;17;7;47;0
27/12/2006;2006103;14;46;3;35;2;0
23/12/2006;2006102;39;11;3;8;6;0
23/12/2006;2006102;48;2;37;36;33;0
20/12/2006;2006101;29;49;9;44;25;0
20/12/2006;2006101;5;24;45;32;20;0
16/12/2006;2006100;10;17;32;48;37;0
16/12/2006;2006100;48;20;10;13;43;0
13/12/2006;2006099;39;29;31;6;10;0
13/12/2006;2006099;42;49;32;4;37;0
09/12/2006;2006098;39;20;30;12;33;0
09/12/2006;2006098;40;30;15;47;5;0
06/12/2006;2006097;15;41;8;40;36;0
06/12/2006;2006097;31;44;35;19;9;0
02/12/2006;2006096;4;35;17;14;20;0
02/12/2006;2006096;19;16;22;29;30;0
29/11/2006;2006095;5;7;10;36;49;0
29/11/2006;2006095;21;46;23;44;10;0
25/11/2006;2006094;17;14;43;5;31;0
25/11/2006;2006094;4;39;21;2;13;0
22/11/2006;2006093;25;28;24;27;45;0
22/11/2006;2006093;33;8;45;34;41;0
18/11/2006;2006092;26;27;2;38;16;0
18/11/2006;2006092;43;22;17;32;1;0
15/11/2006;2006091;19;44;22;48;8;0
15/11/2006;2006091;37;25;16;17;45;0
11/11/2006;2006090;17;47;10;25;13;0
11/11/2006;2006090;24;9;11;26;2;0
08/11/2006;2006089;38;43;2;36;25;0
08/11/2006;2006089;1;48;28;12;11;0
04/11/2006;2006088;27;4;48;46;23;0
04/11/2006;2006088;7;14;25;43;39;0
01/11/2006;2006087;42;47;3;30;15;0
01/11/2006;2006087;6;36;16;21;33;0
28/10/2006;2006086;33;25;30;40;10;0
28/10/2006;2006086;13;25;10;18;20;0
25/10/2006;2006085;45;39;18;38;16;0
25/10/2006;2006085;12;38;18;27;43;0
21/10/2006;2006084;2;18;40;14;27;0
21/10/2006;2006084;9;16;26;3;40;0
18/10/2006;2006083;44;8;32;41;43;0
18/10/2006;2006083;37;10;21;17;22;0
14/10/2006;2006082;33;8;18;3;30;0
14/10/2006;2006082;26;3;35;14;46;0
11/10/2006;2006081;31;6;7;45;15;0
11/10/2006;2006081;7;45;37;20;16;0
07/10/2006;2006080;2;48;26;7;4;0
07/10/2006;2006080;2;5;38;32;21;0
04/10/2006;2006079;33;34;48;8;14;0
04/10/2006;2006079;11;47;3;28;14;0
30/09/2006;2006078;17;30;24;5;35;0
30/09/2006;2006078;2;35;8;49;44;0
27/09/2006;2006077;46;4;36;25;31;0
27/09/2006;2006077;26;33;9;8;23;0
23/09/2006;2006076;31;23;29;40;15;0
23/09/2006;2006076;22;48;44;25;47;0
20/09/2006;2006075;30;4;8;15;49;0
20/09/2006;2006075;30;29;11;21;44;0
16/09/2006;2006074;40;32;17;15;34;0
16/09/2006;2006074;18;12;31;26;37;0
13/09/2006;2006073;11;49;15;4;41;0
13/09/2006;2006073;5;44;8;31;22;0
09/09/2006;2006072;49;20;13;46;4;0
09/09/2006;2006072;26;15;39;12;48;0
06/09/2006;2006071;45;47;15;12;22;0
06/09/2006;2006071;23;10;22;28;5;0
02/09/2006;2006070;2;27;49;25;3;0
02/09/2006;2006070;11;4;21;49;34;0
30/08/2006;2006069;3;24;6;36;2;0
30/08/2006;2006069;27;43;35;13;11;0
26/08/2006;2006068;34;41;9;44;48;0
26/08/2006;2006068;11;30;45;36;25;0
23/08/2006;2006067;28;25;33;11;12;0
23/08/2006;2006067;21;46;10;38;36;0
19/08/2006;2006066;13;22;42;11;40;0
19/08/2006;2006066;15;22;32;49;41;0
16/08/2006;2006065;46;26;8;23;38;0
16/08/2006;2006065;30;3;15;33;13;0
12/08/2006;2006064;4;20;27;16;9;0
12/08/2006;2006064;43;4;14;26;16;0
09/08/2006;2006063;31;12;7;24;43;0
09/08/2006;2006063;19;49;27;3;39;0
05/08/2006;2006062;36;46;32;41;43;0
05/08/2006;2006062;2;30;37;22;14;0
02/08/2006;2006061;43;46;30;36;13;0
02/08/2006;2006061;49;9;41;24;36;0
29/07/2006;2006060;39;1;26;27;21;0
29/07/2006;2006060;15;34;35;4;44;0
26/07/2006;2006059;15;33;34;30;42;0
26/07/2006;2006059;3;20;45;8;27;0
22/07/2006;2006058;44;43;13;18;45;0
22/07/2006;2006058;40;21;28;41;27;0
19/07/2006;2006057;31;14;35;24;44;0
19/07/2006;2006057;32;23;12;16;36;0
15/07/2006;2006056;16;49;22;27;19;0
15/07/2006;2006056;35;37;16;33;14;0
12/07/2006;2006055;15;10;26;41;34;0
12/07/2006;2006055;1;31;22;7;21;0
08/07/2006;2006054;35;44;38;43;6;0
08/07/2006;2006054;18;39;4;15;1;0
05/07/2006;2006053;37;39;28;5;46;0
05/07/2006;2006053;25;19;33;2;17;0
01/07/2006;2006052;38;44;2;29;7;0
01/07/2006;2006052;3;17;47;4;44;0
28/06/2006;2006051;8;43;20;19;1;0
28/06/2006;2006051;43;22;5;2;19;0
24/06/2006;2006050;13;8;32;3;36;0
24/06/2006;2006050;34;10;3;15;5;0
21/06/2006;2006049;16;11;23;3;8;0
21/06/2006;2006049;17;10;44;5;42;0
17/06/2006;2006048;46;18;12;40;21;0
17/06/2006;2006048;38;41;13;9;10;0
14/06/2006;2006047;45;17;9;36;10;0
14/06/2006;2006047;42;20;30;28;41;0
10/06/2006;2006046;28;24;35;19;44;0
10/06/2006;2006046;10;29;25;35;1;0
07/06/2006;2006045;8;10;4;26;9;0
07/06/2006;2006045;34;9;14;30;25;0
03/06/2006;2006044;48;1;47;36;2;0
03/06/2006;2006044;39;10;36;41;16;0
31/05/2006;2006043;23;31;11;44;5;0
31/05/2006;2006043;16;25;1;3;7;0
27/05/2006;2006042;1;25;14;38;24;0
27/05/2006;2006042;5;31;28;16;35;0
24/05/2006;2006041;26;1;15;47;23;0
24/05/2006;2006041;7;4;12;25;20;0
20/05/2006;2006040;32;8;7;26;19;0
20/05/2006;2006040;30;40;32;46;44;0
17/05/2006;2006039;31;21;37;29;15;0
17/05/2006;2006039;44;13;30;24;11;0
13/05/2006;2006038;17;47;34;35;16;0
13/05/2006;2006038;41;14;10;47;16;0
10/05/2006;2006037;4;37;38;48;41;0
10/05/2006;2006037;38;22;4;47;30;0
06/05/2006;2006036;17;1;46;5;25;0
06/05/2006;2006036;34;18;48;38;46;0
03/05/2006;2006035;3;4;13;15;11;0
03/05/2006;2006035;30;8;37;9;24;0
29/04/2006;2006034;42;35;43;21;18;0
29/04/2006;2006034;36;22;41;9;35;0
26/04/2006;2006033;30;29;23;45;11;0
26/04/2006;2006033;16;2;48;27;36;0
22/04/2006;2006032;23;5;17;30;28;0
22/04/2006;2006032;32;30;39;10;11;0
19/04/2006;2006031;11;20;28;9;35;0
19/04/2006;2006031;48;20;36;11;37;0
15/04/2006;2006030;48;27;13;18;31;0
15/04/2006;2006030;24;9;34;26;40;0
12/04/2006;2006029;20;31;6;4;39;0
12/04/2006;2006029;45;11;18;47;26;0
08/04/2006;2006028;3;41;29;13;44;0
08/04/2006;2006028;42;41;39;13;21;0
05/04/2006;2006027;8;15;48;40;30;0
05/04/2006;2006027;10;46;30;29;44;0
01/04/2006;2006026;28;21;24;40;30;0
01/04/2006;2006026;49;12;6;46;5;0
29/03/2006;2006025;43;45;12;29;46;0
29/03/2006;2006025;5;20;33;9;13;0
25/03/2006;2006024;26;17;32;33;44;0
25/03/2006;2006024;29;45;10;15;16;0
22/03/2006;2006023;18;4;47;35;9;0
22/03/2006;2006023;28;49;14;36;12;0
18/03/2006;2006022;8;19;27;47;31;0
18/03/2006;2006022;25;19;32;30;21;0
15/03/2006;2006021;21;40;48;15;18;0
15/03/2006;2006021;41;25;34;30;45;0
11/03/2006;2006020;13;6;43;18;27;0
11/03/2006;2006020;4;21;44;6;43;0
08/03/2006;2006019;3;31;15;9;34;0
08/03/2006;2006019;15;49;1;8;23;0
04/03/2006;2006018;4;18;1;14;23;0
04/03/2006;2006018;15;13;28;5;14;0
01/03/2006;2006017;45;32;34;26;31;0
01/03/2006;2006017;32;34;49;46;19;0
25/02/2006;2006016;22;41;25;33;38;0
25/02/2006;2006016;43;6;1;14;15;0
22/02/2006;2006015;34;36;46;39;10;0
22/02/2006;2006015;14;30;5;45;22;0
18/02/2006;2006014;39;5;15;3;34;0
18/02/2006;2006014;47;36;4;39;24;0
15/02/2006;2006013;1;44;18;30;39;0
15/02/2006;2006013;42;35;20;28;4;0
11/02/2006;2006012;35;27;43;3;30;0
11/02/2006;2006012;47;48;11;37;33;0
08/02/2006;2006011;2;36;16;17;24;0
08/02/2006;2006011;41;49;16;43;35;0
04/02/2006;2006010;47;44;30;23;2;0
04/02/2006;2006010;39;22;43;2;26;0
01/02/2006;2006009;11;29;44;14;21;0
01/02/2006;2006009;30;45;28;49;6;0
28/01/2006;2006008;4;33;40;5;10;0
28/01/2006;2006008;9;3;11;35;13;0
25/01/2006;2006007;36;24;16;10;23;0
25/01/2006;2006007;33;42;49;45;3;0
21/01/2006;2006006;38;47;44;48;3;0
21/01/2006;2006006;42;15;20;48;46;0
18/01/2006;2006005;45;37;32;9;40;0
18/01/2006;2006005;28;38;19;36;1;0
14/01/2006;2006004;40;24;39;12;36;0
14/01/2006;2006004;42;47;36;45;34;0
11/01/2006;2006003;7;2;26;24;32;0
11/01/2006;2006003;27;31;28;38;16;0
07/01/2006;2006002;33;27;8;30;7;0
07/01/2006;2006002;22;47;44;33;46;0
04/01/2006;2006001;49;5;36;16;14;0
04/01/2006;2006001;15;42;27;44;35;0
31/12/2005;2005105;42;37;33;24;36;0
31/12/2005;2005105;31;49;48;26;36;0
28/12/2005;2005104;13;22;3;21;11;0
28/12/2005;2005104;17;40;5;31;43;0
24/12/2005;2005103;14;40;25;13;49;0
24/12/2005;2005103;33;5;48;27;12;0
21/12/2005;2005102;22;29;34;28;48;0
21/12/2005;2005102;40;7;6;32;10;0
17/12/2005;2005101;13;29;23;2;8;0
17/12/2005;2005101;8;31;25;34;39;0
14/12/2005;2005100;10;14;23;22;42;0
14/12/2005;2005100;7;36;12;10;8;0
10/12/2005;2005099;3;7;2;28;37;0
10/12/2005;2005099;7;34;26;17;2;0
07/12/2005;2005098;11;37;28;16;46;0
07/12/2005;2005098;27;9;20;7;5;0
03/12/2005;2005097;32;46;30;43;44;0
03/12/2005;2005097;19;40;8;26;25;0
30/11/2005;2005096;41;11;49;48;10;0
30/11/2005;2005096;38;32;34;23;25;0
26/11/2005;2005095;8;3;49;48;29;0
26/11/2005;2005095;48;5;39;21;35;0
23/11/2005;2005094;19;34;16;37;41;0
23/11/2005;2005094;47;20;8;28;21;0
19/11/2005;2005093;34;9;4;6;24;0
19/11/2005;2005093;25;11;12;44;13;0
16/11/2005;2005092;4;1;16;36;19;0
16/11/2005;2005092;13;31;23;42;26;0
12/11/2005;2005091;47;3;14;21;6;0
12/11/2005;2005091;1;13;45;29;20;0
09/11/2005;2005090;45;49;43;4;39;0
09/11/2005;2005090;2;5;42;49;3;0
05/11/2005;2005089;20;43;21;7;13;0
05/11/2005;2005089;4;42;25;17;26;0
02/11/2005;2005088;43;38;17;19;14;0
02/11/2005;2005088;43;20;40;16;26;0
29/10/2005;2005087;31;13;23;24;8;0
29/10/2005;2005087;33;9;43;8;4;0
26/10/2005;2005086;37;38;29;33;9;0
26/10/2005;2005086;32;49;21;14;1;0
22/10/2005;2005085;4;34;20;38;11;0
22/10/2005;2005085;44;15;27;7;28;0
19/10/2005;2005084;37;38;24;20;32;0
19/10/2005;2005084;34;22;25;45;18;0
15/10/2005;2005083;16;45;2;31;38;0
15/10/2005;2005083;25;20;23;21;39;0
12/10/2005;2005082;20;18;8;27;16;0
12/10/2005;2005082;1;6;27;26;34;0
08/10/2005;2005081;48;30;34;13;45;0
08/10/2005;2005081;37;21;29;40;11;0
05/10/2005;2005080;20;3;29;18;5;0
05/10/2005;2005080;39;1;25;19;6;0
01/10/2005;2005079;20;24;47;22;25;0
01/10/2005;2005079;2;37;39;23;40;0
28/09/2005;2005078;33;42;36;18;16;0
28/09/2005;2005078;3;27;5;8;10;0
24/09/2005;2005077;15;17;24;4;25;0
24/09/2005;2005077;21;41;4;10;42;0
21/09/2005;2005076;9;26;14;31;46;0
21/09/2005;2005076;1;23;13;16;5;0
17/09/2005;2005075;16;20;10;45;26;0
17/09/2005;2005075;29;20;6;21;11;0
14/09/2005;2005074;39;46;16;5;1;0
14/09/2005;2005074;17;49;5;1;31;0
10/09/2005;2005073;4;2;8;11;5;0
10/09/2005;2005073;11;3;26;35;42;0
07/09/2005;2005072;12;20;37;29;33;0
07/09/2005;2005072;8;12;46;18;44;0
03/09/2005;2005071;19;9;29;36;43;0
03/09/2005;2005071;1;22;24;25;12;0
31/08/2005;2005070;11;29;18;48;10;0
31/08/2005;2005070;47;15;40;43;33;0
27/08/2005;2005069;14;7;28;8;19;0
27/08/2005;2005069;30;33;15;29;44;0
24/08/2005;2005068;31;10;41;35;38;0
24/08/2005;2005068;23;29;43;11;49;0
20/08/2005;2005067;7;20;35;47;5;0
20/08/2005;2005067;24;4;22;16;2;0
17/08/2005;2005066;24;42;28;35;9;0
17/08/2005;2005066;28;39;35;12;13;0
13/08/2005;2005065;16;19;12;8;21;0
13/08/2005;2005065;28;4;1;13;30;0
10/08/2005;2005064;18;44;5;25;28;0
10/08/2005;2005064;29;17;3;20;16;0
06/08/2005;2005063;19;1;47;32;24;0
06/08/2005;2005063;4;13;12;49;42;0
03/08/2005;2005062;9;20;49;4;32;0
03/08/2005;2005062;6;42;2;20;29;0
30/07/2005;2005061;33;24;32;31;7;0
30/07/2005;2005061;9;18;11;19;47;0
27/07/2005;2005060;29;45;5;28;6;0
27/07/2005;2005060;4;28;26;23;16;0
23/07/2005;2005059;8;45;44;21;25;0
23/07/2005;2005059;13;27;5;32;29;0
20/07/2005;2005058;14;10;48;38;7;0
20/07/2005;2005058;38;2;13;39;40;0
16/07/2005;2005057;39;27;43;29;35;0
16/07/2005;2005057;7;12;31;26;1;0
13/07/2005;2005056;22;29;30;49;20;0
13/07/2005;2005056;40;44;49;7;32;0
09/07/2005;2005055;34;9;5;4;18;0
09/07/2005;2005055;37;30;5;2;24;0
06/07/2005;2005054;47;44;40;1;25;0
06/07/2005;2005054;13;46;17;29;49;0
02/07/2005;2005053;41;34;46;17;22;0
02/07/2005;2005053;12;20;17;33;23;0
29/06/2005;2005052;24;39;31;14;16;0
29/06/2005;2005052;24;37;43;9;14;0
25/06/2005;2005051;20;8;29;12;7;0
25/06/2005;2005051;15;21;29;16;3;0
22/06/2005;2005050;28;46;48;14;9;0
22/06/2005;2005050;43;11;40;17;29;0
18/06/2005;2005049;41;11;38;19;1;0
18/06/2005;2005049;30;49;34;10;42;0
15/06/2005;2005048;42;45;17;33;23;0
15/06/2005;2005048;2;22;37;36;9;0
11/06/2005;2005047;48;27;10;17;41;0
11/06/2005;2005047;30;33;35;34;43;0
08/06/2005;2005046;10;22;35;41;39;0
08/06/2005;2005046;41;26;6;5;13;0
04/06/2005;2005045;3;32;4;17;37;0
04/06/2005;2005045;10;19;23;14;48;0
01/06/2005;2005044;16;23;48;38;41;0
01/06/2005;2005044;15;34;30;39;8;0
28/05/2005;2005043;11;39;1;14;36;0
28/05/2005;2005043;19;17;10;16;46;0
25/05/2005;2005042;8;6;14;12;22;0
25/05/2005;2005042;15;5;22;3;8;0
21/05/2005;2005041;5;41;12;29;2;0
21/05/2005;2005041;11;37;16;34;13;0
18/05/2005;2005040;44;47;3;41;13;0
18/05/2005;2005040;27;4;8;18;29;0
14/05/2005;2005039;11;13;41;7;25;0
14/05/2005;2005039;8;1;37;36;2;0
11/05/2005;2005038;16;38;41;11;7;0
11/05/2005;2005038;17;27;35;36;7;0
07/05/2005;2005037;32;7;3;16;29;0
07/05/2005;2005037;14;16;33;24;40;0
04/05/2005;2005036;45;9;46;27;36;0
04/05/2005;2005036;10;18;29;37;24;0
30/04/2005;2005035;36;32;9;22;39;0
30/04/2005;2005035;2;41;6;36;12;0
27/04/2005;2005034;3;38;36;5;23;0
27/04/2005;2005034;23;26;5;32;14;0
23/04/2005;2005033;24;15;11;27;14;0
23/04/2005;2005033;23;4;5;21;11;0
20/04/2005;2005032;25;45;15;37;18;0
20/04/2005;2005032;44;37;4;19;1;0
16/04/2005;2005031;27;37;17;46;45;0
16/04/2005;2005031;47;3;16;15;36;0
13/04/2005;2005030;34;42;41;38;40;0
13/04/2005;2005030;13;6;19;20;3;0
09/04/2005;2005029;26;36;45;37;18;0
09/04/2005;2005029;9;14;27;2;36;0
06/04/2005;2005028;5;20;4;35;46;0
06/04/2005;2005028;47;45;40;36;25;0
02/04/2005;2005027;3;27;1;21;13;0
02/04/2005;2005027;31;2;21;18;42;0
30/03/2005;2005026;19;5;41;23;43;0
30/03/2005;2005026;24;35;22;31;10;0
26/03/2005;2005025;31;47;49;2;15;0
26/03/2005;2005025;45;41;40;32;9;0
23/03/2005;2005024;35;27;42;9;8;0
23/03/2005;2005024;34;40;49;38;45;0
19/03/2005;2005023;6;30;38;20;21;0
19/03/2005;2005023;37;28;11;8;5;0
16/03/2005;2005022;40;14;47;35;32;0
16/03/2005;2005022;8;12;17;26;5;0
12/03/2005;2005021;27;42;16;48;39;0
12/03/2005;2005021;26;25;11;16;6;0
09/03/2005;2005020;17;39;32;12;42;0
09/03/2005;2005020;34;31;45;42;33;0
05/03/2005;2005019;10;8;40;44;48;0
05/03/2005;2005019;24;25;9;47;43;0
02/03/2005;2005018;39;42;16;26;46;0
02/03/2005;2005018;4;34;8;21;30;0
26/02/2005;2005017;3;25;15;34;27;0
26/02/2005;2005017;47;29;48;1;27;0
23/02/2005;2005016;35;40;15;14;33;0
23/02/2005;2005016;23;36;28;16;22;0
19/02/2005;2005015;27;26;23;7;38;0
19/02/2005;2005015;19;12;47;1;11;0
16/02/2005;2005014;4;1;31;8;6;0
16/02/2005;2005014;24;48;8;38;30;0
12/02/2005;2005013;14;3;26;9;23;0
12/02/2005;2005013;4;31;20;36;7;0
09/02/2005;2005012;38;46;33;8;1;0
09/02/2005;2005012;49;23;33;44;26;0
05/02/2005;2005011;35;41;23;5;22;0
05/02/2005;2005011;27;13;49;18;44;0
02/02/2005;2005010;41;34;18;48;6;0
02/02/2005;2005010;4;35;45;13;15;0
29/01/2005;2005009;4;43;40;29;38;0
29/01/2005;2005009;33;21;19;13;1;0
26/01/2005;2005008;4;16;11;33;41;0
26/01/2005;2005008;19;8;36;24;28;0
22/01/2005;2005007;36;35;15;24;19;0
22/01/2005;2005007;26;18;23;40;31;0
19/01/2005;2005006;39;7;41;26;16;0
19/01/2005;2005006;35;25;1;11;41;0
15/01/2005;2005005;28;46;42;39;31;0
15/01/2005;2005005;16;11;19;6;4;0
12/01/2005;2005004;2;47;39;27;37;0
12/01/2005;2005004;27;39;1;35;14;0
08/01/2005;2005003;37;23;35;40;48;0
08/01/2005;2005003;9;13;14;28;7;0
05/01/2005;2005002;46;18;25;13;45;0
05/01/2005;2005002;49;33;36;43;25;0
01/01/2005;2005001;3;6;31;39;44;0
01/01/2005;2005001;46;32;34;31;30;0
29/12/2004;2004104;37;40;22;9;42;0
29/12/2004;2004104;33;32;25;11;43;0
25/12/2004;2004103;8;41;20;38;24;0
25/12/2004;2004103;42;32;20;10;41;0
22/12/2004;2004102;15;30;45;46;18;0
22/12/2004;2004102;16;22;33;8;2;0
18/12/2004;2004101;25;40;39;44;33;0
18/12/2004;2004101;44;27;24;10;45;0
15/12/2004;2004100;4;13;9;30;19;0
15/12/2004;2004100;15;1;29;34;38;0
11/12/2004;2004099;47;32;15;21;33;0
11/12/2004;2004099;35;26;7;38;39;0
08/12/2004;2004098;17;21;12;49;38;0
08/12/2004;2004098;41;15;20;43;48;0
04/12/2004;2004097;17;42;19;23;43;0
04/12/2004;2004097;25;45;13;7;10;0
01/12/2004;2004096;2;21;45;29;43;0
01/12/2004;2004096;32;35;29;27;21;0
27/11/2004;2004095;34;33;26;15;24;0
27/11/2004;2004095;35;5;38;25;6;0
24/11/2004;2004094;20;11;7;9;40;0
24/11/2004;2004094;2;44;35;49;4;0
20/11/2004;2004093;45;47;2;24;35;0
20/11/2004;2004093;9;27;3;30;47;0
17/11/2004;2004092;43;4;25;24;26;0
17/11/2004;2004092;7;41;27;8;15;0
13/11/2004;2004091;8;48;6;9;47;0
13/11/2004;2004091;40;28;48;45;1;0
10/11/2004;2004090;14;28;30;46;40;0
10/11/2004;2004090;14;12;30;17;48;0
06/11/2004;2004089;14;47;26;4;39;0
06/11/2004;2004089;38;4;16;7;21;0
03/11/2004;2004088;25;30;31;44;41;0
03/11/2004;2004088;5;44;34;42;15;0
30/10/2004;2004087;45;25;48;49;4;0
30/10/2004;2004087;9;19;8;30;14;0
27/10/2004;2004086;26;6;35;2;1;0
27/10/2004;2004086;45;23;2;38;27;0
23/10/2004;2004085;36;26;47;48;3;0
23/10/2004;2004085;6;37;34;45;14;0
20/10/2004;2004084;1;12;7;35;23;0
20/10/2004;2004084;29;6;5;38;14;0
16/10/2004;2004083;6;16;47;15;20;0
16/10/2004;2004083;21;34;2;44;13;0
13/10/2004;2004082;35;2;33;48;30;0
13/10/2004;2004082;29;10;46;18;14;0
09/10/2004;2004081;14;26;28;4;9;0
09/10/2004;2004081;22;26;5;7;11;0
06/10/2004;2004080;19;1;10;48;18;0
06/10/2004;2004080;34;43;6;37;26;0
02/10/2004;2004079;11;6;10;47;22;0
02/10/2004;2004079;1;42;47;29;18;0
29/09/2004;2004078;47;27;19;40;44;0
29/09/2004;2004078;24;1;17;39;26;0
25/09/2004;2004077;37;20;39;36;28;0
25/09/2004;2004077;41;49;19;15;8;0
22/09/2004;2004076;37;11;21;10;35;0
22/09/2004;2004076;5;25;20;27;26;0
18/09/2004;2004075;46;11;40;10;42;0
18/09/2004;2004075;26;1;25;9;3;0
15/09/2004;2004074;46;48;1;41;49;0
15/09/2004;2004074;28;6;38;31;17;0
11/09/2004;2004073;26;13;27;18;10;0
11/09/2004;2004073;36;37;34;47;5;0
08/09/2004;2004072;15;22;41;10;11;0
08/09/2004;2004072;39;15;47;38;37;0
04/09/2004;2004071;37;3;24;38;19;0
04/09/2004;2004071;22;48;14;7;9;0
01/09/2004;2004070;20;32;28;4;3;0
01/09/2004;2004070;34;36;47;14;9;0
28/08/2004;2004069;2;3;1;39;41;0
28/08/2004;2004069;20;23;4;14;25;0
25/08/2004;2004068;30;15;25;46;35;0
25/08/2004;2004068;37;25;16;3;14;0
21/08/2004;2004067;39;23;24;29;45;0
21/08/2004;2004067;13;31;14;39;16;0
18/08/2004;2004066;30;22;6;34;40;0
18/08/2004;2004066;31;41;46;35;25;0
14/08/2004;2004065;30;31;36;2;9;0
14/08/2004;2004065;8;49;45;10;25;0
11/08/2004;2004064;19;35;29;16;25;0
11/08/2004;2004064;35;6;5;10;30;0
07/08/2004;2004063;21;22;43;37;19;0
07/08/2004;2004063;30;43;39;26;24;0
04/08/2004;2004062;42;35;1;7;49;0
04/08/2004;2004062;26;22;43;1;49;0
31/07/2004;2004061;38;42;2;12;37;0
31/07/2004;2004061;19;3;37;47;34;0
28/07/2004;2004060;32;9;22;14;24;0
28/07/2004;2004060;35;23;45;40;2;0
24/07/2004;2004059;34;1;11;4;10;0
24/07/2004;2004059;22;31;6;1;20;0
21/07/2004;2004058;17;46;19;40;35;0
21/07/2004;2004058;34;19;29;36;45;0
17/07/2004;2004057;32;11;47;35;36;0
17/07/2004;2004057;26;11;18;13;31;0
14/07/2004;2004056;10;29;32;25;26;0
14/07/2004;2004056;14;34;5;12;29;0
10/07/2004;2004055;44;33;15;5;27;0
10/07/2004;2004055;29;6;33;36;12;0
07/07/2004;2004054;29;38;10;12;45;0
07/07/2004;2004054;46;8;6;32;36;0
03/07/2004;2004053;2;45;44;9;15;0
03/07/2004;2004053;33;43;30;45;12;0
30/06/2004;2004052;1;16;38;42;29;0
30/06/2004;2004052;4;44;47;22;20;0
26/06/2004;2004051;37;38;33;7;27;0
26/06/2004;2004051;1;46;22;9;39;0
23/06/2004;2004050;5;40;2;3;7;0
23/06/2004;2004050;13;9;10;4;15;0
19/06/2004;2004049;20;21;40;28;19;0
19/06/2004;2004049;41;27;44;46;12;0
16/06/2004;2004048;43;31;6;15;11;0
16/06/2004;2004048;16;41;21;34;13;0
12/06/2004;2004047;21;39;19;10;17;0
12/06/2004;2004047;4;6;43;46;45;0
09/06/2004;2004046;3;21;35;41;43;0
09/06/2004;2004046;31;18;23;32;9;0
05/06/2004;2004045;46;41;38;47;43;0
05/06/2004;2004045;43;24;20;35;38;0
02/06/2004;2004044;7;47;14;45;8;0
02/06/2004;2004044;41;34;8;7;42;0
29/05/2004;2004043;23;9;44;17;5;0
29/05/2004;2004043;10;20;43;26;46;0
26/05/2004;2004042;38;14;2;34;22;0
26/05/2004;2004042;36;13;8;15;34;0
22/05/2004;2004041;26;39;7;19;8;0
22/05/2004;2004041;9;23;20;11;27;0
19/05/2004;2004040;48;35;42;14;36;0
19/05/2004;2004040;47;2;43;12;22;0
15/05/2004;2004039;17;30;27;14;16;0
15/05/2004;2004039;21;29;25;20;39;0
12/05/2004;2004038;26;16;24;31;38;0
12/05/2004;2004038;5;27;30;45;44;0
08/05/2004;2004037;18;12;23;36;44;0
08/05/2004;2004037;13;16;31;25;4;0
05/05/2004;2004036;3;47;43;23;14;0
05/05/2004;2004036;34;32;15;22;31;0
01/05/2004;2004035;40;25;46;30;39;0
01/05/2004;2004035;17;18;11;16;48;0
28/04/2004;2004034;1;45;36;21;48;0
28/04/2004;2004034;31;14;43;25;6;0
24/04/2004;2004033;9;24;16;43;30;0
24/04/2004;2004033;47;44;24;29;45;0
21/04/2004;2004032;4;36;42;28;41;0
21/04/2004;2004032;25;6;39;45;15;0
17/04/2004;2004031;43;5;20;47;34;0
17/04/2004;2004031;32;3;43;20;21;0
14/04/2004;2004030;21;34;29;38;13;0
14/04/2004;2004030;38;43;4;44;35;0
10/04/2004;2004029;14;30;48;31;13;0
10/04/2004;2004029;38;20;27;48;29;0
07/04/2004;2004028;36;29;21;2;24;0
07/04/2004;2004028;11;32;25;33;1;0
03/04/2004;2004027;26;13;22;21;36;0
03/04/2004;2004027;15;31;33;5;14;0
31/03/2004;2004026;7;26;29;48;16;0
31/03/2004;2004026;40;13;19;45;46;0
27/03/2004;2004025;4;28;30;42;43;0
27/03/2004;2004025;12;44;2;37;45;0
24/03/2004;2004024;27;33;43;12;5;0
24/03/2004;2004024;3;44;14;38;34;0
20/03/2004;2004023;5;25;15;44;38;0
20/03/2004;2004023;37;20;38;36;30;0
17/03/2004;2004022;28;3;49;19;48;0
17/03/2004;2004022;30;37;31;6;38;0
13/03/2004;2004021;49;38;14;29;5;0
13/03/2004;2004021;46;26;30;34;37;0
10/03/2004;2004020;19;21;37;36;3;0
10/03/2004;2004020;8;22;6;26;42;0
06/03/2004;2004019;38;8;35;46;18;0
06/03/2004;2004019;16;44;24;39;25;0
03/03/2004;2004018;34;36;44;10;18;0
03/03/2004;2004018;33;27;44;45;47;0
28/02/2004;2004017;7;32;43;38;21;0
28/02/2004;2004017;23;18;47;39;33;0
25/02/2004;2004016;21;14;37;18;43;0
25/02/2004;2004016;28;13;18;19;41;0
21/02/2004;2004015;25;44;7;9;37;0
21/02/2004;2004015;20;3;18;24;28;0
18/02/2004;2004014;35;49;17;1;37;0
18/02/2004;2004014;12;5;35;43;23;0
14/02/2004;2004013;44;9;5;2;10;0
14/02/2004;2004013;11;30;12;32;44;0
11/02/2004;2004012;47;32;48;36;44;0
11/02/2004;2004012;23;47;10;45;24;0
07/02/2004;2004011;34;1;29;40;22;0
07/02/2004;2004011;8;2;27;48;15;0
04/02/2004;2004010;45;13;8;33;7;0
04/02/2004;2004010;13;40;17;32;21;0
31/01/2004;2004009;12;43;20;10;26;0
31/01/2004;2004009;33;25;20;39;13;0
28/01/2004;2004008;39;47;16;27;44;0
28/01/2004;2004008;21;43;4;3;31;0
24/01/2004;2004007;12;18;46;8;28;0
24/01/2004;2004007;5;8;2;42;40;0
21/01/2004;2004006;28;21;19;25;15;0
21/01/2004;2004006;8;19;28;21;36;0
17/01/2004;2004005;29;44;32;36;31;0
17/01/2004;2004005;43;45;20;29;15;0
14/01/2004;2004004;18;6;40;48;12;0
14/01/2004;2004004;33;38;11;14;32;0
10/01/2004;2004003;38;12;26;32;6;0
10/01/2004;2004003;23;32;18;21;15;0
07/01/2004;2004002;42;21;8;20;45;0
07/01/2004;2004002;28;3;13;4;47;0
03/01/2004;2004001;13;17;3;49;43;0
03/01/2004;2004001;16;38;3;43;18;0
31/12/2003;2003105;5;34;16;47;30;0
31/12/2003;2003105;26;11;24;32;46;0
27/12/2003;2003104;43;9;36;2;22;0
27/12/2003;2003104;17;11;33;32;37;0
24/12/2003;2003103;30;27;38;19;13;0
24/12/2003;2003103;35;19;40;37;34;0
20/12/2003;2003102;48;19;21;40;49;0
20/12/2003;2003102;26;48;14;39;28;0
17/12/2003;2003101;49;39;23;22;9;0
17/12/2003;2003101;32;18;4;19;31;0
13/12/2003;2003100;23;12;22;46;16;0
13/12/2003;2003100;29;28;26;38;47;0
10/12/2003;2003099;2;19;5;32;11;0
10/12/2003;2003099;17;25;5;41;48;0
06/12/2003;2003098;46;9;10;31;32;0
06/12/2003;2003098;40;16;20;6;30;0
03/12/2003;2003097;30;16;19;39;34;0
03/12/2003;2003097;33;32;37;9;1;0
29/11/2003;2003096;39;21;43;25;40;0
29/11/2003;2003096;34;15;47;3;46;0
26/11/2003;2003095;26;39;13;7;28;0
26/11/2003;2003095;8;47;22;14;33;0
22/11/2003;2003094;15;40;26;32;29;0
22/11/2003;2003094;13;9;20;28;10;0
19/11/2003;2003093;41;24;34;6;8;0
19/11/2003;2003093;38;33;5;16;28;0
15/11/2003;2003092;8;48;6;14;13;0
15/11/2003;2003092;27;17;10;18;32;0
12/11/2003;2003091;31;40;29;21;30;0
12/11/2003;2003091;27;4;46;14;6;0
08/11/2003;2003090;19;33;48;28;49;0
08/11/2003;2003090;20;23;31;22;35;0
05/11/2003;2003089;48;49;17;27;28;0
05/11/2003;2003089;49;48;33;47;12;0
01/11/2003;2003088;7;9;40;36;24;0
01/11/2003;2003088;26;38;28;20;27;0
29/10/2003;2003087;7;17;34;19;27;0
29/10/2003;2003087;14;7;31;10;4;0
25/10/2003;2003086;28;11;43;4;3;0
25/10/2003;2003086;10;34;12;27;28;0
22/10/2003;2003085;6;43;27;15;22;0
22/10/2003;2003085;17;7;34;9;8;0
18/10/2003;2003084;8;39;41;27;33;0
18/10/2003;2003084;6;13;40;30;11;0
15/10/2003;2003083;12;2;31;17;48;0
15/10/2003;2003083;18;7;44;49;25;0
11/10/2003;2003082;38;17;35;10;48;0
11/10/2003;2003082;32;27;14;2;25;0
08/10/2003;2003081;18;42;23;7;14;0
08/10/2003;2003081;6;34;2;12;4;0
04/10/2003;2003080;7;48;40;44;45;0
04/10/2003;2003080;31;32;10;38;6;0
01/10/2003;2003079;40;5;17;43;29;0
01/10/2003;2003079;49;23;1;7;17;0
27/09/2003;2003078;33;34;5;25;6;0
27/09/2003;2003078;12;40;8;29;49;0
24/09/2003;2003077;10;33;18;19;13;0
24/09/2003;2003077;11;36;33;6;17;0
20/09/2003;2003076;5;46;26;33;35;0
20/09/2003;2003076;25;1;48;20;12;0
17/09/2003;2003075;8;48;3;29;23;0
17/09/2003;2003075;15;13;7;20;21;0
13/09/2003;2003074;22;11;42;19;43;0
13/09/2003;2003074;38;41;26;33;43;0
10/09/2003;2003073;44;49;27;13;23;0
10/09/2003;2003073;37;31;15;24;44;0
06/09/2003;2003072;37;44;27;9;10;0
06/09/2003;2003072;2;1;20;49;47;0
03/09/2003;2003071;23;24;26;41;40;0
03/09/2003;2003071;15;42;13;17;16;0
30/08/2003;2003070;39;24;44;17;11;0
30/08/2003;2003070;25;2;32;18;11;0
27/08/2003;2003069;10;31;7;38;28;0
27/08/2003;2003069;3;42;33;31;26;0
23/08/2003;2003068;49;12;17;10;26;0
23/08/2003;2003068;32;11;43;25;9;0
20/08/2003;2003067;38;1;34;5;10;0
20/08/2003;2003067;34;8;4;44;23;0
16/08/2003;2003066;5;46;37;27;33;0
16/08/2003;2003066;7;38;10;20;11;0
13/08/2003;2003065;32;23;7;29;10;0
13/08/2003;2003065;12;37;45;28;1;0
09/08/2003;2003064;8;40;10;34;24;0
09/08/2003;2003064;39;3;19;30;21;0
06/08/2003;2003063;3;26;35;34;1;0
06/08/2003;2003063;31;16;28;36;29;0
02/08/2003;2003062;12;24;38;18;2;0
02/08/2003;2003062;3;20;9;19;17;0
30/07/2003;2003061;10;15;20;1;7;0
30/07/2003;2003061;18;1;14;42;4;0
26/07/2003;2003060;35;33;38;25;47;0
26/07/2003;2003060;41;5;35;42;16;0
23/07/2003;2003059;33;11;41;15;14;0
23/07/2003;2003059;6;46;5;38;9;0
19/07/2003;2003058;37;35;39;44;10;0
19/07/2003;2003058;8;13;4;10;20;0
16/07/2003;2003057;10;3;26;23;27;0
16/07/2003;2003057;21;13;22;34;5;0
12/07/2003;2003056;10;20;1;24;23;0
12/07/2003;2003056;18;35;46;44;36;0
09/07/2003;2003055;18;4;30;17;21;0
09/07/2003;2003055;6;36;5;13;41;0
05/07/2003;2003054;21;8;47;13;16;0
05/07/2003;2003054;31;48;35;43;49;0
02/07/2003;2003053;34;10;36;35;18;0
02/07/2003;2003053;41;39;40;11;22;0
28/06/2003;2003052;7;24;12;25;15;0
28/06/2003;2003052;47;46;34;11;12;0
25/06/2003;2003051;48;34;45;42;7;0
25/06/2003;2003051;25;27;33;13;42;0
21/06/2003;2003050;46;26;36;31;29;0
21/06/2003;2003050;14;26;47;15;33;0
18/06/2003;2003049;15;46;28;33;23;0
18/06/2003;2003049;27;29;19;42;32;0
14/06/2003;2003048;2;46;28;49;35;0
14/06/2003;2003048;48;44;3;18;4;0
11/06/2003;2003047;38;18;28;14;10;0
11/06/2003;2003047;20;9;16;19;22;0
07/06/2003;2003046;23;16;12;6;37;0
07/06/2003;2003046;13;25;12;40;22;0
04/06/2003;2003045;3;30;18;34;38;0
04/06/2003;2003045;34;30;45;43;24;0
31/05/2003;2003044;17;39;22;41;9;0
31/05/2003;2003044;27;9;30;24;12;0
28/05/2003;2003043;4;15;19;35;3;0
28/05/2003;2003043;38;43;32;49;2;0
24/05/2003;2003042;37;23;42;47;10;0
24/05/2003;2003042;20;22;41;6;13;0
21/05/2003;2003041;24;8;45;17;27;0
21/05/2003;2003041;31;4;6;46;32;0
17/05/2003;2003040;42;27;39;47;11;0
17/05/2003;2003040;28;37;42;17;46;0
14/05/2003;2003039;41;47;10;2;48;0
14/05/2003;2003039;46;9;44;14;24;0
10/05/2003;2003038;44;30;1;12;10;0
10/05/2003;2003038;44;29;34;37;40;0
07/05/2003;2003037;40;49;34;9;23;0
07/05/2003;2003037;36;7;17;43;47;0
03/05/2003;2003036;15;25;3;7;40;0
03/05/2003;2003036;6;10;20;17;30;0
30/04/2003;2003035;9;5;47;6;16;0
30/04/2003;2003035;38;1;6;4;49;0
26/04/2003;2003034;38;24;48;14;13;0
26/04/2003;2003034;44;45;49;29;20;0
23/04/2003;2003033;40;30;34;29;26;0
23/04/2003;2003033;45;5;24;35;42;0
19/04/2003;2003032;1;9;23;5;31;0
19/04/2003;2003032;21;4;41;26;49;0
16/04/2003;2003031;42;15;49;6;4;0
16/04/2003;2003031;44;2;12;14;16;0
12/04/2003;2003030;34;17;13;41;40;0
12/04/2003;2003030;13;35;6;42;37;0
09/04/2003;2003029;41;15;37;24;46;0
09/04/2003;2003029;24;48;45;7;13;0
05/04/2003;2003028;18;37;25;47;17;0
05/04/2003;2003028;9;32;4;6;12;0
02/04/2003;2003027;27;24;19;41;5;0
02/04/2003;2003027;37;13;47;26;44;0
29/03/2003;2003026;45;27;32;48;33;0
29/03/2003;2003026;39;36;18;14;37;0
26/03/2003;2003025;15;10;5;29;48;0
26/03/2003;2003025;29;2;23;22;42;0
22/03/2003;2003024;7;8;34;41;19;0
22/03/2003;2003024;42;33;9;37;27;0
19/03/2003;2003023;48;23;34;2;21;0
19/03/2003;2003023;40;49;36;44;2;0
15/03/2003;2003022;46;6;14;4;31;0
15/03/2003;2003022;26;16;21;49;46;0
12/03/2003;2003021;35;21;42;36;3;0
12/03/2003;2003021;11;26;32;4;47;0
08/03/2003;2003020;9;14;11;17;30;0
08/03/2003;2003020;6;44;49;46;30;0
05/03/2003;2003019;21;12;17;37;27;0
05/03/2003;2003019;33;27;9;21;49;0
01/03/2003;2003018;11;47;13;40;45;0
01/03/2003;2003018;1;8;44;39;33;0
26/02/2003;2003017;42;6;19;34;16;0
26/02/2003;2003017;23;40;13;7;22;0
22/02/2003;2003016;27;18;11;6;2;0
22/02/2003;2003016;27;36;9;46;44;0
19/02/2003;2003015;1;35;32;8;33;0
19/02/2003;2003015;16;40;31;20;35;0
15/02/2003;2003014;12;48;22;18;19;0
15/02/2003;2003014;49;26;31;28;11;0
12/02/2003;2003013;1;2;39;24;20;0
12/02/2003;2003013;41;12;31;28;16;0
08/02/2003;2003012;45;39;34;28;48;0
08/02/2003;2003012;31;36;12;26;18;0
05/02/2003;2003011;26;30;27;35;47;0
05/02/2003;2003011;38;20;10;19;49;0
01/02/2003;2003010;15;46;42;34;8;0
01/02/2003;2003010;43;17;45;14;38;0
29/01/2003;2003009;19;32;40;30;35;0
29/01/2003;2003009;37;48;34;40;3;0
25/01/2003;2003008;38;8;42;47;1;0
25/01/2003;2003008;20;25;46;34;17;0
22/01/2003;2003007;45;26;29;49;1;0
22/01/2003;2003007;28;15;27;26;46;0
18/01/2003;2003006;49;14;29;4;15;0
18/01/2003;2003006;49;37;20;44;5;0
15/01/2003;2003005;10;36;37;3;15;0
15/01/2003;2003005;16;12;1;5;28;0
11/01/2003;2003004;22;13;39;35;6;0
11/01/2003;2003004;43;6;35;27;48;0
08/01/2003;2003003;11;32;16;42;49;0
08/01/2003;2003003;34;12;24;33;28;0
04/01/2003;2003002;26;46;47;39;40;0
04/01/2003;2003002;17;37;18;42;36;0
01/01/2003;2003001;5;18;43;17;10;0
01/01/2003;2003001;42;20;9;23;17;0
28/12/2002;2002104;13;29;1;31;37;0
28/12/2002;2002104;45;12;17;46;16;0
25/12/2002;2002103;42;37;19;15;28;0
25/12/2002;2002103;13;48;45;2;40;0
21/12/2002;2002102;15;23;21;1;13;0
21/12/2002;2002102;32;20;9;12;46;0
18/12/2002;2002101;24;49;6;9;38;0
18/12/2002;2002101;40;1;49;37;43;0
14/12/2002;2002100;24;15;11;28;6;0
14/12/2002;2002100;11;23;43;31;26;0
11/12/2002;2002099;20;31;30;9;4;0
11/12/2002;2002099;4;18;11;46;24;0
07/12/2002;2002098;25;19;18;24;48;0
07/12/2002;2002098;22;16;1;2;8;0
04/12/2002;2002097;25;20;12;26;14;0
04/12/2002;2002097;32;14;23;22;2;0
30/11/2002;2002096;7;30;28;41;15;0
30/11/2002;2002096;45;40;7;2;17;0
27/11/2002;2002095;5;22;38;1;29;0
27/11/2002;2002095;42;24;9;20;17;0
23/11/2002;2002094;14;11;43;40;32;0
23/11/2002;2002094;14;18;46;35;33;0
20/11/2002;2002093;16;41;40;22;13;0
20/11/2002;2002093;20;13;22;19;37;0
16/11/2002;2002092;26;27;20;8;18;0
16/11/2002;2002092;49;43;9;28;6;0
13/11/2002;2002091;40;33;12;27;5;0
13/11/2002;2002091;30;44;12;29;33;0
09/11/2002;2002090;16;14;7;25;21;0
09/11/2002;2002090;28;26;4;14;49;0
06/11/2002;2002089;46;45;44;3;10;0
06/11/2002;2002089;30;28;29;31;10;0
02/11/2002;2002088;15;24;44;16;45;0
02/11/2002;2002088;39;49;29;9;12;0
30/10/2002;2002087;6;42;20;27;1;0
30/10/2002;2002087;28;47;22;11;26;0
26/10/2002;2002086;47;24;9;19;36;0
26/10/2002;2002086;31;46;20;16;7;0
23/10/2002;2002085;17;20;36;6;42;0
23/10/2002;2002085;22;4;13;5;20;0
19/10/2002;2002084;8;3;17;7;18;0
19/10/2002;2002084;48;21;49;3;14;0
16/10/2002;2002083;33;39;36;14;44;0
16/10/2002;2002083;9;39;43;4;21;0
12/10/2002;2002082;29;15;20;23;39;0
12/10/2002;2002082;43;42;47;15;31;0
09/10/2002;2002081;39;38;33;8;42;0
09/10/2002;2002081;38;16;8;29;24;0
05/10/2002;2002080;48;19;41;34;14;0
05/10/2002;2002080;29;42;36;12;47;0
02/10/2002;2002079;16;39;21;41;24;0
02/10/2002;2002079;34;31;49;27;24;0
28/09/2002;2002078;49;19;20;31;9;0
28/09/2002;2002078;6;49;36;13;8;0
25/09/2002;2002077;36;5;26;20;4;0
25/09/2002;2002077;10;5;19;6;24;0
21/09/2002;2002076;48;21;25;1;15;0
21/09/2002;2002076;9;15;45;37;17;0
18/09/2002;2002075;14;22;49;15;12;0
18/09/2002;2002075;21;42;38;17;7;0
14/09/2002;2002074;4;19;12;23;37;0
14/09/2002;2002074;3;2;33;49;32;0
11/09/2002;2002073;38;7;47;43;41;0
11/09/2002;2002073;45;37;32;29;15;0
07/09/2002;2002072;11;20;44;43;22;0
07/09/2002;2002072;4;36;28;20;42;0
04/09/2002;2002071;26;8;36;40;5;0
04/09/2002;2002071;7;22;45;16;13;0
31/08/2002;2002070;45;12;14;32;46;0
31/08/2002;2002070;21;28;45;16;34;0
28/08/2002;2002069;34;27;30;11;5;0
28/08/2002;2002069;8;14;2;1;12;0
24/08/2002;2002068;1;8;28;34;45;0
24/08/2002;2002068;46;2;26;37;16;0
21/08/2002;2002067;23;24;39;47;9;0
21/08/2002;2002067;19;46;1;8;29;0
17/08/2002;2002066;15;26;28;32;30;0
17/08/2002;2002066;42;35;30;2;36;0
14/08/2002;2002065;7;47;48;26;9;0
14/08/2002;2002065;6;24;35;11;13;0
10/08/2002;2002064;13;34;11;49;45;0
10/08/2002;2002064;6;47;30;10;41;0
07/08/2002;2002063;43;32;29;7;19;0
07/08/2002;2002063;7;22;20;13;49;0
03/08/2002;2002062;21;18;40;31;45;0
03/08/2002;2002062;45;1;25;30;48;0
31/07/2002;2002061;38;45;31;42;21;0
31/07/2002;2002061;17;6;39;11;16;0
27/07/2002;2002060;42;45;47;9;18;0
27/07/2002;2002060;29;33;19;46;44;0
24/07/2002;2002059;19;33;6;18;16;0
24/07/2002;2002059;24;7;49;19;21;0
20/07/2002;2002058;9;13;47;38;16;0
20/07/2002;2002058;12;48;20;25;10;0
17/07/2002;2002057;12;7;23;25;32;0
17/07/2002;2002057;7;3;28;22;44;0
13/07/2002;2002056;13;46;29;43;45;0
13/07/2002;2002056;25;4;41;2;22;0
10/07/2002;2002055;2;34;16;40;8;0
10/07/2002;2002055;7;38;8;11;26;0
06/07/2002;2002054;10;29;22;2;35;0
06/07/2002;2002054;15;9;17;34;27;0
03/07/2002;2002053;40;22;32;13;19;0
03/07/2002;2002053;33;31;19;9;1;0
29/06/2002;2002052;25;2;44;12;13;0
29/06/2002;2002052;34;38;39;45;9;0
26/06/2002;2002051;38;25;12;20;43;0
26/06/2002;2002051;3;9;37;19;10;0
22/06/2002;2002050;25;2;10;26;23;0
22/06/2002;2002050;37;13;7;31;35;0
19/06/2002;2002049;14;36;13;27;17;0
19/06/2002;2002049;32;34;2;7;29;0
15/06/2002;2002048;40;42;45;33;28;0
15/06/2002;2002048;21;30;34;2;42;0
12/06/2002;2002047;35;21;37;27;43;0
12/06/2002;2002047;29;36;1;2;35;0
08/06/2002;2002046;35;13;26;11;5;0
08/06/2002;2002046;34;42;49;1;19;0
05/06/2002;2002045;34;12;20;8;13;0
05/06/2002;2002045;32;12;8;34;28;0
01/06/2002;2002044;46;5;40;1;47;0
01/06/2002;2002044;38;1;28;8;19;0
29/05/2002;2002043;5;10;8;9;11;0
29/05/2002;2002043;21;5;39;32;38;0
25/05/2002;2002042;38;31;5;4;20;0
25/05/2002;2002042;6;8;32;27;29;0
22/05/2002;2002041;39;31;9;36;22;0
22/05/2002;2002041;34;19;42;49;46;0
18/05/2002;2002040;25;34;1;46;6;0
18/05/2002;2002040;11;48;30;13;31;0
15/05/2002;2002039;47;36;45;22;39;0
15/05/2002;2002039;32;18;39;22;30;0
11/05/2002;2002038;14;22;35;46;23;0
11/05/2002;2002038;23;38;44;48;47;0
08/05/2002;2002037;8;42;44;32;22;0
08/05/2002;2002037;35;10;31;23;6;0
04/05/2002;2002036;39;31;15;5;34;0
04/05/2002;2002036;22;13;38;7;46;0
01/05/2002;2002035;11;39;4;34;16;0
01/05/2002;2002035;12;38;17;16;18;0
27/04/2002;2002034;12;29;2;16;4;0
27/04/2002;2002034;12;44;24;37;20;0
24/04/2002;2002033;44;13;32;16;49;0
24/04/2002;2002033;36;25;10;26;41;0
20/04/2002;2002032;33;3;20;41;11;0
20/04/2002;2002032;46;34;11;20;16;0
17/04/2002;2002031;15;27;6;33;26;0
17/04/2002;2002031;15;31;11;7;27;0
13/04/2002;2002030;34;15;8;18;22;0
13/04/2002;2002030;12;24;30;1;38;0
10/04/2002;2002029;27;9;36;22;46;0
10/04/2002;2002029;4;13;12;47;35;0
06/04/2002;2002028;15;10;2;8;13;0
06/04/2002;2002028;16;25;19;9;4;0
03/04/2002;2002027;36;24;33;38;15;0
03/04/2002;2002027;15;38;29;18;43;0
30/03/2002;2002026;10;2;1;4;9;0
30/03/2002;2002026;48;25;40;13;24;0
27/03/2002;2002025;23;32;19;16;26;0
27/03/2002;2002025;47;35;21;30;49;0
23/03/2002;2002024;10;8;42;3;46;0
23/03/2002;2002024;2;47;39;13;36;0
20/03/2002;2002023;43;48;38;14;49;0
20/03/2002;2002023;14;17;27;16;37;0
16/03/2002;2002022;31;33;26;40;3;0
16/03/2002;2002022;12;34;39;17;40;0
13/03/2002;2002021;39;18;42;11;8;0
13/03/2002;2002021;26;21;45;25;6;0
09/03/2002;2002020;8;21;25;48;34;0
09/03/2002;2002020;22;30;38;15;25;0
06/03/2002;2002019;34;49;9;17;22;0
06/03/2002;2002019;16;3;1;33;10;0
02/03/2002;2002018;32;29;49;23;45;0
02/03/2002;2002018;10;39;1;37;40;0
27/02/2002;2002017;18;4;37;42;46;0
27/02/2002;2002017;43;29;45;6;32;0
23/02/2002;2002016;39;20;11;23;3;0
23/02/2002;2002016;3;49;17;43;11;0
20/02/2002;2002015;16;2;24;4;45;0
20/02/2002;2002015;6;46;4;19;8;0
16/02/2002;2002014;35;47;31;42;4;0
16/02/2002;2002014;47;21;23;7;37;0
13/02/2002;2002013;2;39;23;38;17;0
13/02/2002;2002013;44;12;37;31;24;0
09/02/2002;2002012;9;7;3;31;4;0
09/02/2002;2002012;41;4;46;31;32;0
06/02/2002;2002011;2;45;12;43;38;0
06/02/2002;2002011;33;18;14;10;7;0
02/02/2002;2002010;47;19;4;10;30;0
02/02/2002;2002010;48;14;5;45;6;0
30/01/2002;2002009;14;10;26;21;19;0
30/01/2002;2002009;25;5;46;22;21;0
26/01/2002;2002008;18;24;7;41;27;0
26/01/2002;2002008;23;40;33;10;14;0
23/01/2002;2002007;34;44;4;43;45;0
23/01/2002;2002007;5;32;19;45;34;0
19/01/2002;2002006;29;1;27;45;17;0
19/01/2002;2002006;46;3;17;44;25;0
16/01/2002;2002005;35;26;18;14;17;0
16/01/2002;2002005;13;26;48;41;30;0
12/01/2002;2002004;20;29;31;48;17;0
12/01/2002;2002004;42;12;3;45;26;0
09/01/2002;2002003;21;10;44;7;5;0
09/01/2002;2002003;8;12;48;19;2;0
05/01/2002;2002002;3;19;27;16;24;0
05/01/2002;2002002;9;34;13;25;7;0
02/01/2002;2002001;9;16;34;17;36;0
02/01/2002;2002001;5;39;7;28;18;0
29/12/2001;2001104;17;40;28;37;44;0
29/12/2001;2001104;37;24;44;35;46;0
26/12/2001;2001103;40;1;36;41;28;0
26/12/2001;2001103;8;7;37;34;44;0
22/12/2001;2001102;31;36;38;22;2;0
22/12/2001;2001102;13;21;36;23;16;0
19/12/2001;2001101;49;20;35;16;47;0
19/12/2001;2001101;48;1;5;9;24;0
15/12/2001;2001100;16;14;11;40;27;0
15/12/2001;2001100;26;21;45;24;2;0
12/12/2001;2001099;5;35;44;17;37;0
12/12/2001;2001099;28;2;19;43;41;0
08/12/2001;2001098;42;17;34;14;48;0
08/12/2001;2001098;45;9;41;6;39;0
05/12/2001;2001097;35;36;19;28;7;0
05/12/2001;2001097;8;37;49;29;24;0
01/12/2001;2001096;19;1;25;20;22;0
01/12/2001;2001096;38;39;26;41;45;0
28/11/2001;2001095;36;25;31;29;32;0
28/11/2001;2001095;23;21;7;11;31;0
24/11/2001;2001094;24;16;27;1;37;0
24/11/2001;2001094;41;27;9;8;32;0
21/11/2001;2001093;33;47;16;42;37;0
21/11/2001;2001093;35;4;5;49;3;0
17/11/2001;2001092;28;36;31;34;7;0
17/11/2001;2001092;4;6;10;39;31;0
14/11/2001;2001091;6;44;9;45;37;0
14/11/2001;2001091;5;45;34;31;28;0
10/11/2001;2001090;1;27;18;26;16;0
10/11/2001;2001090;34;41;11;44;5;0
07/11/2001;2001089;19;32;40;20;37;0
07/11/2001;2001089;31;24;22;46;35;0
03/11/2001;2001088;8;25;36;12;22;0
03/11/2001;2001088;5;10;9;30;42;0
31/10/2001;2001087;11;28;32;40;38;0
31/10/2001;2001087;45;9;25;29;47;0
27/10/2001;2001086;6;2;27;46;10;0
27/10/2001;2001086;37;32;28;6;26;0
24/10/2001;2001085;34;1;45;39;35;0
24/10/2001;2001085;15;35;6;4;11;0
20/10/2001;2001084;35;24;3;38;23;0
20/10/2001;2001084;44;36;30;24;23;0
17/10/2001;2001083;8;17;26;35;44;0
17/10/2001;2001083;43;12;4;9;18;0
13/10/2001;2001082;37;2;36;28;33;0
13/10/2001;2001082;1;30;21;12;20;0
10/10/2001;2001081;17;38;1;48;23;0
10/10/2001;2001081;19;14;26;16;22;0
06/10/2001;2001080;6;20;27;39;4;0
06/10/2001;2001080;41;38;36;30;27;0
03/10/2001;2001079;5;49;12;22;10;0
03/10/2001;2001079;44;32;33;42;43;0
29/09/2001;2001078;48;14;23;38;39;0
29/09/2001;2001078;27;49;22;3;18;0
26/09/2001;2001077;1;26;10;41;30;0
26/09/2001;2001077;39;19;45;30;35;0
22/09/2001;2001076;39;16;17;37;27;0
22/09/2001;2001076;38;40;24;35;48;0
19/09/2001;2001075;37;10;31;13;32;0
19/09/2001;2001075;12;6;35;42;34;0
15/09/2001;2001074;46;37;47;22;6;0
15/09/2001;2001074;22;30;48;13;20;0
12/09/2001;2001073;46;47;15;30;43;0
12/09/2001;2001073;34;35;13;23;12;0
08/09/2001;2001072;45;49;44;9;16;0
08/09/2001;2001072;15;25;2;48;38;0
05/09/2001;2001071;15;7;31;11;27;0
05/09/2001;2001071;48;39;19;47;23;0
01/09/2001;2001070;2;43;20;27;3;0
01/09/2001;2001070;32;31;16;36;30;0
29/08/2001;2001069;31;48;23;15;37;0
29/08/2001;2001069;30;35;27;39;8;0
25/08/2001;2001068;36;34;7;29;31;0
25/08/2001;2001068;25;36;4;1;47;0
22/08/2001;2001067;18;19;36;13;6;0
22/08/2001;2001067;15;9;24;25;36;0
18/08/2001;2001066;21;19;24;27;2;0
18/08/2001;2001066;46;6;25;32;7;0
15/08/2001;2001065;32;3;49;22;29;0
15/08/2001;2001065;34;39;37;36;19;0
11/08/2001;2001064;27;34;10;37;45;0
11/08/2001;2001064;6;43;45;41;10;0
08/08/2001;2001063;18;6;27;38;49;0
08/08/2001;2001063;15;7;13;20;24;0
04/08/2001;2001062;46;23;1;36;15;0
04/08/2001;2001062;30;10;32;49;42;0
01/08/2001;2001061;4;6;19;13;30;0
01/08/2001;2001061;23;40;20;9;19;0
28/07/2001;2001060;10;20;39;2;5;0
28/07/2001;2001060;35;15;23;6;20;0
25/07/2001;2001059;7;44;2;17;15;0
25/07/2001;2001059;14;2;6;37;1;0
21/07/2001;2001058;37;3;43;47;23;0
21/07/2001;2001058;9;10;41;29;3;0
18/07/2001;2001057;40;48;17;29;23;0
18/07/2001;2001057;25;9;21;13;29;0
14/07/2001;2001056;39;31;41;36;22;0
14/07/2001;2001056;40;41;16;44;3;0
11/07/2001;2001055;29;49;23;16;22;0
11/07/2001;2001055;49;12;17;47;46;0
07/07/2001;2001054;46;21;44;6;38;0
07/07/2001;2001054;34;39;9;27;35;0
04/07/2001;2001053;19;36;4;5;23;0
04/07/2001;2001053;44;4;26;3;9;0
30/06/2001;2001052;16;49;25;20;14;0
30/06/2001;2001052;30;27;23;11;35;0
27/06/2001;2001051;38;37;45;21;31;0
27/06/2001;2001051;14;43;49;12;5;0
23/06/2001;2001050;32;27;9;4;22;0
23/06/2001;2001050;4;11;12;10;41;0
20/06/2001;2001049;27;16;30;36;10;0
20/06/2001;2001049;36;3;1;23;8;0
16/06/2001;2001048;4;18;20;15;47;0
16/06/2001;2001048;46;16;23;27;14;0
13/06/2001;2001047;26;31;27;29;43;0
13/06/2001;2001047;20;32;1;22;35;0
09/06/2001;2001046;5;30;33;21;3;0
09/06/2001;2001046;11;49;48;15;6;0
06/06/2001;2001045;11;39;2;48;3;0
06/06/2001;2001045;18;36;46;28;5;0
02/06/2001;2001044;30;32;10;41;8;0
02/06/2001;2001044;4;18;30;19;45;0
30/05/2001;2001043;14;33;21;3;8;0
30/05/2001;2001043;19;17;32;28;23;0
26/05/2001;2001042;34;21;35;5;47;0
26/05/2001;2001042;11;41;45;8;37;0
23/05/2001;2001041;5;49;44;9;13;0
23/05/2001;2001041;6;25;16;21;38;0
19/05/2001;2001040;8;40;16;46;23;0
19/05/2001;2001040;23;11;36;32;42;0
16/05/2001;2001039;31;39;42;30;4;0
16/05/2001;2001039;23;2;27;18;48;0
12/05/2001;2001038;38;43;12;37;22;0
12/05/2001;2001038;21;27;1;8;33;0
09/05/2001;2001037;12;48;18;23;42;0
09/05/2001;2001037;34;38;10;2;24;0
05/05/2001;2001036;36;2;12;17;7;0
05/05/2001;2001036;29;49;33;28;10;0
02/05/2001;2001035;30;41;49;23;24;0
02/05/2001;2001035;4;7;18;15;44;0
28/04/2001;2001034;34;39;30;8;42;0
28/04/2001;2001034;9;14;30;20;26;0
25/04/2001;2001033;6;49;10;46;33;0
25/04/2001;2001033;48;41;49;43;42;0
21/04/2001;2001032;31;43;26;15;6;0
21/04/2001;2001032;33;27;13;30;14;0
18/04/2001;2001031;20;29;27;48;10;0
18/04/2001;2001031;12;20;24;29;48;0
14/04/2001;2001030;39;10;43;47;2;0
14/04/2001;2001030;19;17;20;2;26;0
11/04/2001;2001029;35;9;29;40;38;0
11/04/2001;2001029;45;48;41;29;32;0
07/04/2001;2001028;11;42;15;34;13;0
07/04/2001;2001028;35;2;24;27;5;0
04/04/2001;2001027;16;2;43;42;9;0
04/04/2001;2001027;40;33;47;23;16;0
31/03/2001;2001026;18;8;17;41;21;0
31/03/2001;2001026;20;33;42;44;1;0
28/03/2001;2001025;14;30;20;46;31;0
28/03/2001;2001025;31;8;24;45;36;0
24/03/2001;2001024;32;12;7;10;34;0
24/03/2001;2001024;49;35;48;9;44;0
21/03/2001;2001023;3;13;16;46;23;0
21/03/2001;2001023;20;3;42;23;2;0
17/03/2001;2001022;39;22;29;3;33;0
17/03/2001;2001022;28;47;16;49;29;0
14/03/2001;2001021;31;29;4;15;47;0
14/03/2001;2001021;40;34;36;6;42;0
10/03/2001;2001020;32;14;27;22;12;0
10/03/2001;2001020;2;37;46;42;27;0
07/03/2001;2001019;26;28;42;9;40;0
07/03/2001;2001019;11;1;6;27;14;0
03/03/2001;2001018;35;26;46;24;22;0
03/03/2001;2001018;25;34;36;1;4;0
28/02/2001;2001017;1;25;11;24;41;0
28/02/2001;2001017;21;15;12;36;41;0
24/02/2001;2001016;49;18;23;31;14;0
24/02/2001;2001016;16;35;28;25;18;0
21/02/2001;2001015;39;11;12;10;5;0
21/02/2001;2001015;6;46;32;20;8;0
17/02/2001;2001014;28;11;40;18;48;0
17/02/2001;2001014;28;35;46;1;22;0
14/02/2001;2001013;46;23;38;48;19;0
14/02/2001;2001013;4;27;23;3;48;0
10/02/2001;2001012;23;42;20;46;11;0
10/02/2001;2001012;43;14;26;7;17;0
07/02/2001;2001011;32;16;9;10;34;0
07/02/2001;2001011;33;45;48;40;36;0
03/02/2001;2001010;15;11;38;9;49;0
03/02/2001;2001010;43;19;15;32;1;0
31/01/2001;2001009;29;33;43;27;44;0
31/01/2001;2001009;47;1;39;37;5;0
27/01/2001;2001008;10;2;18;48;42;0
27/01/2001;2001008;11;32;46;28;1;0
24/01/2001;2001007;20;33;46;17;1;0
24/01/2001;2001007;49;36;25;18;44;0
20/01/2001;2001006;12;32;16;14;45;0
20/01/2001;2001006;11;40;6;39;30;0
17/01/2001;2001005;32;43;49;15;36;0
17/01/2001;2001005;18;21;27;1;37;0
13/01/2001;2001004;3;46;45;28;18;0
13/01/2001;2001004;22;23;42;43;28;0
10/01/2001;2001003;22;25;19;11;20;0
10/01/2001;2001003;27;2;48;47;35;0
06/01/2001;2001002;45;29;19;26;9;0
06/01/2001;2001002;45;19;34;26;16;0
03/01/2001;2001001;30;35;1;44;49;0
03/01/2001;2001001;35;23;43;37;17;0
30/12/2000;2000105;1;13;6;33;22;0
30/12/2000;2000105;18;22;29;49;21;0
27/12/2000;2000104;31;26;10;15;37;0
27/12/2000;2000104;3;31;13;39;44;0
23/12/2000;2000103;35;15;47;49;9;0
23/12/2000;2000103;30;19;39;31;8;0
20/12/2000;2000102;36;28;21;24;7;0
20/12/2000;2000102;1;35;41;40;9;0
16/12/2000;2000101;35;41;32;11;33;0
16/12/2000;2000101;41;34;20;8;48;0
13/12/2000;2000100;7;34;27;47;2;0
13/12/2000;2000100;21;24;29;4;44;0
09/12/2000;2000099;38;32;18;42;35;0
09/12/2000;2000099;21;18;19;49;44;0
06/12/2000;2000098;13;2;21;22;18;0
06/12/2000;2000098;22;23;1;31;4;0
02/12/2000;2000097;15;11;34;23;33;0
02/12/2000;2000097;9;48;1;15;44;0
29/11/2000;2000096;3;17;15;30;10;0
29/11/2000;2000096;1;31;46;2;14;0
25/11/2000;2000095;3;31;27;23;49;0
25/11/2000;2000095;46;2;5;15;16;0
22/11/2000;2000094;22;45;14;46;32;0
22/11/2000;2000094;45;11;25;31;14;0
18/11/2000;2000093;35;25;39;46;38;0
18/11/2000;2000093;36;9;17;16;25;0
15/11/2000;2000092;10;31;12;8;48;0
15/11/2000;2000092;7;2;46;34;3;0
11/11/2000;2000091;27;20;22;2;47;0
11/11/2000;2000091;16;44;31;38;14;0
08/11/2000;2000090;43;28;20;30;26;0
08/11/2000;2000090;27;1;3;23;33;0
04/11/2000;2000089;41;16;22;8;24;0
04/11/2000;2000089;37;23;1;30;34;0
01/11/2000;2000088;15;16;10;23;30;0
01/11/2000;2000088;17;32;24;48;26;0
28/10/2000;2000087;6;23;7;28;24;0
28/10/2000;2000087;3;31;34;4;26;0
25/10/2000;2000086;20;29;34;36;16;0
25/10/2000;2000086;17;33;5;46;8;0
21/10/2000;2000085;29;21;45;20;13;0
21/10/2000;2000085;43;28;37;19;42;0
18/10/2000;2000084;45;41;34;19;8;0
18/10/2000;2000084;18;38;19;22;23;0
14/10/2000;2000083;42;36;13;30;5;0
14/10/2000;2000083;29;27;17;11;18;0
11/10/2000;2000082;24;48;44;12;39;0
11/10/2000;2000082;9;42;40;31;44;0
07/10/2000;2000081;45;33;24;17;10;0
07/10/2000;2000081;18;46;48;32;30;0
04/10/2000;2000080;44;30;47;9;11;0
04/10/2000;2000080;43;8;13;16;1;0
30/09/2000;2000079;37;16;24;32;13;0
30/09/2000;2000079;16;12;14;4;5;0
27/09/2000;2000078;2;38;22;46;33;0
27/09/2000;2000078;12;19;23;15;37;0
23/09/2000;2000077;24;34;35;27;42;0
23/09/2000;2000077;28;9;13;18;42;0
20/09/2000;2000076;35;40;4;33;29;0
20/09/2000;2000076;13;45;32;46;8;0
16/09/2000;2000075;48;9;7;35;23;0
16/09/2000;2000075;39;23;48;2;9;0
13/09/2000;2000074;10;26;31;34;41;0
13/09/2000;2000074;34;31;20;22;14;0
09/09/2000;2000073;14;49;17;16;48;0
09/09/2000;2000073;5;24;19;18;45;0
06/09/2000;2000072;14;42;4;47;29;0
06/09/2000;2000072;19;25;41;23;16;0
02/09/2000;2000071;23;19;11;41;40;0
02/09/2000;2000071;6;3;20;41;26;0
30/08/2000;2000070;10;9;13;19;34;0
30/08/2000;2000070;7;2;1;20;37;0
26/08/2000;2000069;45;49;30;37;11;0
26/08/2000;2000069;47;18;12;33;34;0
23/08/2000;2000068;41;44;27;37;29;0
23/08/2000;2000068;41;6;18;13;17;0
19/08/2000;2000067;2;45;49;22;3;0
19/08/2000;2000067;40;9;43;7;6;0
16/08/2000;2000066;33;2;28;8;14;0
16/08/2000;2000066;40;5;36;35;30;0
12/08/2000;2000065;15;43;22;19;23;0
12/08/2000;2000065;47;34;49;42;35;0
09/08/2000;2000064;8;1;16;26;45;0
09/08/2000;2000064;9;38;39;34;49;0
05/08/2000;2000063;27;24;5;33;29;0
05/08/2000;2000063;34;49;7;19;38;0
02/08/2000;2000062;14;28;17;46;34;0
02/08/2000;2000062;4;49;27;41;18;0
29/07/2000;2000061;23;13;36;17;37;0
29/07/2000;2000061;7;8;10;27;46;0
26/07/2000;2000060;30;10;27;1;3;0
26/07/2000;2000060;44;16;9;45;7;0
22/07/2000;2000059;44;36;45;28;37;0
22/07/2000;2000059;29;2;11;6;12;0
19/07/2000;2000058;25;30;1;44;23;0
19/07/2000;2000058;41;4;47;44;42;0
15/07/2000;2000057;10;37;22;29;46;0
15/07/2000;2000057;40;43;9;2;1;0
12/07/2000;2000056;45;41;2;9;12;0
12/07/2000;2000056;10;44;20;47;13;0
08/07/2000;2000055;19;40;6;46;34;0
08/07/2000;2000055;36;44;32;34;17;0
05/07/2000;2000054;37;3;24;41;40;0
05/07/2000;2000054;39;8;35;44;33;0
01/07/2000;2000053;44;24;4;14;38;0
01/07/2000;2000053;2;17;8;9;34;0
28/06/2000;2000052;22;20;10;4;25;0
28/06/2000;2000052;31;12;30;22;28;0
24/06/2000;2000051;22;3;38;21;49;0
24/06/2000;2000051;30;29;24;13;2;0
21/06/2000;2000050;17;47;2;21;33;0
21/06/2000;2000050;28;37;1;22;13;0
17/06/2000;2000049;48;41;44;29;4;0
17/06/2000;2000049;2;4;25;9;23;0
14/06/2000;2000048;38;24;39;16;17;0
14/06/2000;2000048;34;39;15;25;37;0
10/06/2000;2000047;39;42;5;3;33;0
10/06/2000;2000047;45;18;42;7;34;0
07/06/2000;2000046;39;7;47;10;30;0
07/06/2000;2000046;37;3;31;25;43;0
03/06/2000;2000045;35;44;49;12;36;0
03/06/2000;2000045;4;34;23;26;21;0
31/05/2000;2000044;13;41;15;34;46;0
31/05/2000;2000044;17;15;24;41;20;0
27/05/2000;2000043;10;15;23;40;47;0
27/05/2000;2000043;9;6;27;13;28;0
24/05/2000;2000042;34;14;6;30;11;0
24/05/2000;2000042;42;39;17;4;33;0
20/05/2000;2000041;49;31;26;48;13;0
20/05/2000;2000041;46;36;8;7;15;0
17/05/2000;2000040;5;39;32;49;34;0
17/05/2000;2000040;35;21;49;14;40;0
13/05/2000;2000039;5;32;13;21;37;0
13/05/2000;2000039;24;10;18;47;41;0
10/05/2000;2000038;42;46;21;31;2;0
10/05/2000;2000038;46;30;19;45;41;0
06/05/2000;2000037;11;48;21;26;17;0
06/05/2000;2000037;1;15;39;19;30;0
03/05/2000;2000036;39;34;35;30;45;0
03/05/2000;2000036;27;28;36;48;8;0
29/04/2000;2000035;4;30;44;15;34;0
29/04/2000;2000035;25;6;38;49;29;0
26/04/2000;2000034;9;14;13;33;30;0
26/04/2000;2000034;10;42;31;35;20;0
22/04/2000;2000033;10;47;4;1;18;0
22/04/2000;2000033;18;48;44;6;28;0
19/04/2000;2000032;32;19;43;20;34;0
19/04/2000;2000032;46;30;12;5;42;0
15/04/2000;2000031;41;24;13;22;42;0
15/04/2000;2000031;46;47;24;17;45;0
12/04/2000;2000030;7;33;15;37;34;0
12/04/2000;2000030;48;14;36;21;46;0
08/04/2000;2000029;8;4;47;44;6;0
08/04/2000;2000029;23;1;24;31;44;0
05/04/2000;2000028;42;20;29;43;31;0
05/04/2000;2000028;24;44;41;47;15;0
01/04/2000;2000027;47;36;32;44;26;0
01/04/2000;2000027;44;31;35;18;37;0
29/03/2000;2000026;32;12;1;17;26;0
29/03/2000;2000026;36;27;47;35;39;0
25/03/2000;2000025;7;46;30;37;47;0
25/03/2000;2000025;26;43;45;4;10;0
22/03/2000;2000024;6;44;28;19;21;0
22/03/2000;2000024;46;33;3;11;43;0
18/03/2000;2000023;11;15;32;47;24;0
18/03/2000;2000023;4;13;38;43;31;0
15/03/2000;2000022;36;25;41;39;24;0
15/03/2000;2000022;12;30;2;47;48;0
11/03/2000;2000021;47;45;26;17;43;0
11/03/2000;2000021;45;15;18;44;14;0
08/03/2000;2000020;5;33;23;36;27;0
08/03/2000;2000020;21;31;4;48;42;0
04/03/2000;2000019;16;6;44;4;33;0
04/03/2000;2000019;48;24;18;11;42;0
01/03/2000;2000018;5;27;7;28;32;0
01/03/2000;2000018;42;24;3;18;28;0
26/02/2000;2000017;11;33;3;43;9;0
26/02/2000;2000017;11;12;17;29;30;0
23/02/2000;2000016;37;1;10;5;44;0
23/02/2000;2000016;30;17;2;12;39;0
19/02/2000;2000015;43;12;8;3;7;0
19/02/2000;2000015;21;17;48;4;39;0
16/02/2000;2000014;22;33;40;18;23;0
16/02/2000;2000014;3;8;29;31;18;0
12/02/2000;2000013;31;44;3;9;34;0
12/02/2000;2000013;22;15;7;17;18;0
09/02/2000;2000012;14;10;49;19;5;0
09/02/2000;2000012;41;38;20;49;40;0
05/02/2000;2000011;45;21;48;25;33;0
05/02/2000;2000011;28;41;22;33;49;0
02/02/2000;2000010;9;47;4;7;44;0
02/02/2000;2000010;12;16;6;7;41;0
29/01/2000;2000009;12;7;32;9;3;0
29/01/2000;2000009;45;43;37;28;44;0
26/01/2000;2000008;4;22;48;15;11;0
26/01/2000;2000008;19;12;25;48;47;0
22/01/2000;2000007;18;23;9;4;28;0
22/01/2000;2000007;14;28;37;16;7;0
19/01/2000;2000006;40;5;1;10;49;0
19/01/2000;2000006;22;39;25;10;41;0
15/01/2000;2000005;43;8;14;12;7;0
15/01/2000;2000005;42;16;7;46;30;0
12/01/2000;2000004;25;22;7;4;26;0
12/01/2000;2000004;7;29;36;30;18;0
08/01/2000;2000003;23;31;36;14;35;0
08/01/2000;2000003;29;31;40;21;44;0
05/01/2000;2000002;6;47;42;11;3;0
05/01/2000;2000002;15;22;13;21;27;0
01/01/2000;2000001;35;28;27;39;30;0
01/01/2000;2000001;43;35;49;12;2;0
29/12/1999;1999104;15;26;19;47;27;0
29/12/1999;1999104;45;25;11;39;38;0
25/12/1999;1999103;23;8;49;11;47;0
25/12/1999;1999103;37;14;36;41;1;0
22/12/1999;1999102;8;41;43;33;44;0
22/12/1999;1999102;28;21;27;6;31;0
18/12/1999;1999101;30;38;39;19;37;0
18/12/1999;1999101;19;45;37;9;2;0
15/12/1999;1999100;45;43;35;2;12;0
15/12/1999;1999100;34;4;27;49;6;0
11/12/1999;1999099;28;40;22;2;37;0
11/12/1999;1999099;11;48;45;35;46;0
08/12/1999;1999098;24;20;12;5;7;0
08/12/1999;1999098;45;46;1;32;9;0
04/12/1999;1999097;1;19;31;43;4;0
04/12/1999;1999097;48;45;21;43;16;0
01/12/1999;1999096;49;14;21;4;24;0
01/12/1999;1999096;4;1;49;23;26;0
27/11/1999;1999095;40;42;6;35;19;0
27/11/1999;1999095;31;48;33;4;5;0
24/11/1999;1999094;14;30;37;13;49;0
24/11/1999;1999094;6;31;47;44;40;0
20/11/1999;1999093;19;45;2;25;10;0
20/11/1999;1999093;1;41;2;25;48;0
17/11/1999;1999092;49;2;19;34;29;0
17/11/1999;1999092;36;35;20;8;24;0
13/11/1999;1999091;11;35;20;49;23;0
13/11/1999;1999091;11;38;12;31;4;0
10/11/1999;1999090;33;9;40;23;1;0
10/11/1999;1999090;36;10;21;29;47;0
06/11/1999;1999089;38;36;7;45;12;0
06/11/1999;1999089;17;29;3;39;12;0
03/11/1999;1999088;20;24;29;21;15;0
03/11/1999;1999088;32;43;8;25;35;0
30/10/1999;1999087;2;24;23;6;1;0
30/10/1999;1999087;27;17;10;49;5;0
27/10/1999;1999086;33;3;31;25;34;0
27/10/1999;1999086;12;23;48;3;38;0
23/10/1999;1999085;12;28;23;26;49;0
23/10/1999;1999085;3;32;1;13;16;0
20/10/1999;1999084;7;23;12;38;39;0
20/10/1999;1999084;28;21;18;14;7;0
16/10/1999;1999083;33;26;42;13;6;0
16/10/1999;1999083;47;2;15;5;11;0
13/10/1999;1999082;32;35;2;36;44;0
13/10/1999;1999082;10;26;12;9;30;0
09/10/1999;1999081;49;27;21;34;5;0
09/10/1999;1999081;42;29;20;33;30;0
06/10/1999;1999080;38;5;39;20;42;0
06/10/1999;1999080;49;35;39;25;46;0
02/10/1999;1999079;45;12;7;33;23;0
02/10/1999;1999079;45;27;2;3;21;0
29/09/1999;1999078;30;38;2;12;1;0
29/09/1999;1999078;3;11;13;22;28;0
25/09/1999;1999077;10;5;11;2;15;0
25/09/1999;1999077;45;22;49;48;12;0
22/09/1999;1999076;30;37;17;25;46;0
22/09/1999;1999076;6;8;14;31;20;0
18/09/1999;1999075;12;9;11;35;7;0
18/09/1999;1999075;33;26;15;35;22;0
15/09/1999;1999074;1;8;42;3;45;0
15/09/1999;1999074;3;30;13;37;43;0
11/09/1999;1999073;10;24;18;17;4;0
11/09/1999;1999073;3;49;9;23;48;0
08/09/1999;1999072;33;25;49;31;48;0
08/09/1999;1999072;42;6;40;45;7;0
04/09/1999;1999071;15;47;41;38;6;0
04/09/1999;1999071;3;47;36;26;39;0
01/09/1999;1999070;11;18;6;7;28;0
01/09/1999;1999070;26;9;4;19;11;0
28/08/1999;1999069;7;1;40;5;2;0
28/08/1999;1999069;7;17;44;25;47;0
25/08/1999;1999068;47;7;20;9;23;0
25/08/1999;1999068;8;48;6;12;15;0
21/08/1999;1999067;10;1;31;34;14;0
21/08/1999;1999067;41;11;46;34;26;0
18/08/1999;1999066;17;4;20;44;49;0
18/08/1999;1999066;21;46;33;15;7;0
14/08/1999;1999065;15;33;35;9;19;0
14/08/1999;1999065;44;5;33;1;39;0
11/08/1999;1999064;11;31;1;47;32;0
11/08/1999;1999064;15;24;47;38;28;0
07/08/1999;1999063;31;14;32;7;11;0
07/08/1999;1999063;31;20;40;30;3;0
04/08/1999;1999062;40;28;22;30;29;0
04/08/1999;1999062;23;4;41;12;26;0
31/07/1999;1999061;7;18;31;28;10;0
31/07/1999;1999061;40;45;32;47;16;0
28/07/1999;1999060;47;24;34;48;21;0
28/07/1999;1999060;20;9;37;39;6;0
24/07/1999;1999059;49;9;15;37;36;0
24/07/1999;1999059;20;10;2;41;26;0
21/07/1999;1999058;34;20;27;13;5;0
21/07/1999;1999058;36;40;20;19;28;0
17/07/1999;1999057;7;8;34;38;29;0
17/07/1999;1999057;25;7;11;27;24;0
14/07/1999;1999056;48;44;42;28;1;0
14/07/1999;1999056;16;17;8;29;14;0
10/07/1999;1999055;28;6;34;22;20;0
10/07/1999;1999055;3;48;7;15;23;0
07/07/1999;1999054;27;22;14;24;37;0
07/07/1999;1999054;3;29;19;27;30;0
03/07/1999;1999053;38;19;32;31;15;0
03/07/1999;1999053;32;23;24;37;3;0
30/06/1999;1999052;20;26;6;21;34;0
30/06/1999;1999052;42;5;22;39;46;0
26/06/1999;1999051;46;9;2;22;5;0
26/06/1999;1999051;30;47;37;35;36;0
23/06/1999;1999050;42;19;10;16;8;0
23/06/1999;1999050;26;20;14;33;23;0
19/06/1999;1999049;34;20;35;40;30;0
19/06/1999;1999049;2;40;19;8;45;0
16/06/1999;1999048;46;37;31;36;15;0
16/06/1999;1999048;3;5;37;39;46;0
12/06/1999;1999047;11;24;49;6;38;0
12/06/1999;1999047;18;20;46;14;27;0
09/06/1999;1999046;18;9;14;49;12;0
09/06/1999;1999046;17;5;22;3;35;0
05/06/1999;1999045;6;39;35;17;36;0
05/06/1999;1999045;44;42;19;16;22;0
02/06/1999;1999044;29;22;38;2;37;0
02/06/1999;1999044;23;20;4;40;2;0
29/05/1999;1999043;4;48;13;36;47;0
29/05/1999;1999043;26;18;25;5;46;0
26/05/1999;1999042;38;40;37;1;10;0
26/05/1999;1999042;44;22;46;19;14;0
22/05/1999;1999041;7;5;20;43;21;0
22/05/1999;1999041;45;1;10;23;11;0
19/05/1999;1999040;22;32;47;26;37;0
19/05/1999;1999040;1;20;29;47;44;0
15/05/1999;1999039;40;43;2;27;39;0
15/05/1999;1999039;25;37;44;35;42;0
12/05/1999;1999038;11;17;45;4;26;0
12/05/1999;1999038;46;34;47;19;35;0
08/05/1999;1999037;49;24;47;22;23;0
08/05/1999;1999037;43;13;4;2;23;0
05/05/1999;1999036;30;41;12;28;19;0
05/05/1999;1999036;37;26;36;16;35;0
01/05/1999;1999035;4;41;29;19;18;0
01/05/1999;1999035;20;27;21;31;42;0
28/04/1999;1999034;19;9;6;15;24;0
28/04/1999;1999034;5;15;35;47;42;0
24/04/1999;1999033;16;32;9;13;3;0
24/04/1999;1999033;21;12;15;30;16;0
21/04/1999;1999032;33;7;12;42;27;0
21/04/1999;1999032;9;4;16;12;38;0
17/04/1999;1999031;26;37;18;34;28;0
17/04/1999;1999031;20;15;21;26;9;0
14/04/1999;1999030;29;32;39;23;30;0
14/04/1999;1999030;39;34;33;32;21;0
10/04/1999;1999029;40;14;30;39;37;0
10/04/1999;1999029;7;35;44;29;20;0
07/04/1999;1999028;10;17;28;16;9;0
07/04/1999;1999028;5;11;49;22;41;0
03/04/1999;1999027;18;42;28;13;31;0
03/04/1999;1999027;24;38;10;5;23;0
31/03/1999;1999026;26;4;39;25;9;0
31/03/1999;1999026;43;25;47;41;10;0
27/03/1999;1999025;14;17;8;28;19;0
27/03/1999;1999025;16;14;15;1;40;0
24/03/1999;1999024;31;12;11;41;9;0
24/03/1999;1999024;1;28;7;11;48;0
20/03/1999;1999023;38;14;13;48;42;0
20/03/1999;1999023;22;25;39;24;5;0
17/03/1999;1999022;14;36;31;47;23;0
17/03/1999;1999022;48;45;49;6;13;0
13/03/1999;1999021;38;25;17;34;12;0
13/03/1999;1999021;30;19;34;3;32;0
10/03/1999;1999020;6;23;33;1;4;0
10/03/1999;1999020;40;21;6;26;15;0
06/03/1999;1999019;21;26;30;24;44;0
06/03/1999;1999019;26;34;3;16;30;0
03/03/1999;1999018;38;17;1;35;16;0
03/03/1999;1999018;23;20;44;5;32;0
27/02/1999;1999017;31;19;36;6;15;0
27/02/1999;1999017;24;36;12;40;30;0
24/02/1999;1999016;16;12;13;11;29;0
24/02/1999;1999016;35;3;38;32;23;0
20/02/1999;1999015;39;27;43;16;45;0
20/02/1999;1999015;19;33;3;35;37;0
17/02/1999;1999014;39;9;36;20;1;0
17/02/1999;1999014;4;29;20;10;32;0
13/02/1999;1999013;3;10;45;20;27;0
13/02/1999;1999013;34;7;9;22;10;0
10/02/1999;1999012;12;3;27;11;13;0
10/02/1999;1999012;20;12;4;38;39;0
06/02/1999;1999011;27;41;6;34;39;0
06/02/1999;1999011;36;42;20;9;47;0
03/02/1999;1999010;21;45;38;20;15;0
03/02/1999;1999010;11;32;39;16;23;0
30/01/1999;1999009;19;15;33;16;7;0
30/01/1999;1999009;1;33;41;8;39;0
27/01/1999;1999008;40;1;38;2;47;0
27/01/1999;1999008;32;42;38;3;34;0
23/01/1999;1999007;35;4;29;18;1;0
23/01/1999;1999007;14;9;1;49;30;0
20/01/1999;1999006;34;4;46;36;3;0
20/01/1999;1999006;3;22;13;45;25;0
16/01/1999;1999005;19;48;34;21;15;0
16/01/1999;1999005;15;42;37;30;47;0
13/01/1999;1999004;8;22;11;6;49;0
13/01/1999;1999004;6;42;13;49;43;0
09/01/1999;1999003;25;14;41;35;23;0
09/01/1999;1999003;15;44;16;38;3;0
06/01/1999;1999002;19;28;33;3;10;0
06/01/1999;1999002;45;30;22;10;28;0
02/01/1999;1999001;16;27;2;42;32;0
02/01/1999;1999001;14;28;25;2;12;0
30/12/1998;1998104;15;33;18;23;13;0
30/12/1998;1998104;23;43;42;21;25;0
26/12/1998;1998103;15;18;30;21;39;0
26/12/1998;1998103;1;18;48;7;21;0
23/12/1998;1998102;13;16;38;42;46;0
23/12/1998;1998102;22;42;20;28;7;0
19/12/1998;1998101;48;23;24;31;20;0
19/12/1998;1998101;25;49;11;19;46;0
16/12/1998;1998100;24;14;21;42;15;0
16/12/1998;1998100;37;40;5;44;35;0
12/12/1998;1998099;28;6;1;2;4;0
12/12/1998;1998099;20;36;10;18;26;0
09/12/1998;1998098;16;34;11;24;26;0
09/12/1998;1998098;11;34;15;30;29;0
05/12/1998;1998097;44;9;5;46;12;0
05/12/1998;1998097;2;5;27;49;45;0
02/12/1998;1998096;15;24;38;40;21;0
02/12/1998;1998096;35;21;45;11;5;0
28/11/1998;1998095;35;18;44;24;2;0
28/11/1998;1998095;15;6;34;30;39;0
25/11/1998;1998094;17;16;4;9;38;0
25/11/1998;1998094;12;46;13;25;24;0
21/11/1998;1998093;24;19;9;41;1;0
21/11/1998;1998093;37;13;6;4;42;0
18/11/1998;1998092;5;37;49;17;8;0
18/11/1998;1998092;15;37;12;4;24;0
14/11/1998;1998091;15;30;33;21;6;0
14/11/1998;1998091;14;16;17;20;47;0
11/11/1998;1998090;8;42;39;34;24;0
11/11/1998;1998090;46;42;37;30;14;0
07/11/1998;1998089;15;10;29;25;30;0
07/11/1998;1998089;37;42;45;22;24;0
04/11/1998;1998088;43;17;46;42;38;0
04/11/1998;1998088;16;40;42;12;30;0
31/10/1998;1998087;3;1;43;38;9;0
31/10/1998;1998087;42;22;12;8;34;0
28/10/1998;1998086;18;31;23;36;25;0
28/10/1998;1998086;18;36;13;12;7;0
24/10/1998;1998085;12;3;27;37;33;0
24/10/1998;1998085;41;27;24;32;49;0
21/10/1998;1998084;26;15;11;8;47;0
21/10/1998;1998084;8;17;7;22;29;0
17/10/1998;1998083;35;47;28;30;4;0
17/10/1998;1998083;34;41;13;23;26;0
14/10/1998;1998082;36;16;15;26;4;0
14/10/1998;1998082;38;39;9;5;45;0
10/10/1998;1998081;36;37;44;16;41;0
10/10/1998;1998081;10;37;45;46;48;0
07/10/1998;1998080;16;24;32;26;44;0
07/10/1998;1998080;8;2;48;29;10;0
03/10/1998;1998079;12;37;36;22;5;0
03/10/1998;1998079;22;12;16;2;29;0
30/09/1998;1998078;2;45;11;47;36;0
30/09/1998;1998078;36;31;38;11;16;0
26/09/1998;1998077;32;26;28;10;42;0
26/09/1998;1998077;6;16;43;23;22;0
23/09/1998;1998076;27;19;40;9;22;0
23/09/1998;1998076;26;44;21;47;4;0
19/09/1998;1998075;46;48;31;25;38;0
19/09/1998;1998075;28;12;3;9;49;0
16/09/1998;1998074;10;22;36;26;38;0
16/09/1998;1998074;46;13;42;40;25;0
12/09/1998;1998073;2;46;18;20;39;0
12/09/1998;1998073;2;49;5;23;38;0
09/09/1998;1998072;25;36;32;47;26;0
09/09/1998;1998072;18;21;10;48;42;0
05/09/1998;1998071;16;31;27;30;22;0
05/09/1998;1998071;35;44;19;32;5;0
02/09/1998;1998070;1;27;29;49;46;0
02/09/1998;1998070;33;36;48;7;8;0
29/08/1998;1998069;23;31;5;9;20;0
29/08/1998;1998069;34;24;12;32;36;0
26/08/1998;1998068;43;16;12;15;49;0
26/08/1998;1998068;3;16;6;22;1;0
22/08/1998;1998067;37;40;49;4;30;0
22/08/1998;1998067;26;12;43;22;35;0
19/08/1998;1998066;24;49;14;12;47;0
19/08/1998;1998066;34;45;3;26;14;0
15/08/1998;1998065;39;21;29;28;40;0
15/08/1998;1998065;12;49;28;38;11;0
12/08/1998;1998064;25;30;47;10;26;0
12/08/1998;1998064;16;43;45;4;42;0
08/08/1998;1998063;27;16;7;39;29;0
08/08/1998;1998063;46;49;26;17;41;0
05/08/1998;1998062;41;19;29;8;3;0
05/08/1998;1998062;36;2;32;38;44;0
01/08/1998;1998061;19;40;14;4;20;0
01/08/1998;1998061;48;34;17;49;45;0
29/07/1998;1998060;16;31;14;29;28;0
29/07/1998;1998060;22;46;3;1;41;0
25/07/1998;1998059;24;40;8;27;21;0
25/07/1998;1998059;33;19;34;37;48;0
22/07/1998;1998058;29;21;10;33;7;0
22/07/1998;1998058;15;41;1;39;8;0
18/07/1998;1998057;46;41;10;17;30;0
18/07/1998;1998057;14;4;26;32;40;0
15/07/1998;1998056;9;48;45;43;28;0
15/07/1998;1998056;33;36;17;28;29;0
11/07/1998;1998055;10;2;1;9;31;0
11/07/1998;1998055;25;29;36;42;22;0
08/07/1998;1998054;45;7;21;20;14;0
08/07/1998;1998054;28;13;10;25;33;0
04/07/1998;1998053;33;47;8;20;15;0
04/07/1998;1998053;12;32;34;4;6;0
01/07/1998;1998052;25;42;35;46;49;0
01/07/1998;1998052;47;25;19;11;10;0
27/06/1998;1998051;48;9;4;18;2;0
27/06/1998;1998051;26;11;46;29;36;0
24/06/1998;1998050;25;33;23;43;20;0
24/06/1998;1998050;9;3;41;31;22;0
20/06/1998;1998049;15;42;10;5;3;0
20/06/1998;1998049;1;18;44;9;22;0
17/06/1998;1998048;24;41;5;33;22;0
17/06/1998;1998048;3;43;8;2;11;0
13/06/1998;1998047;15;24;48;1;42;0
13/06/1998;1998047;24;18;41;25;10;0
10/06/1998;1998046;32;4;11;6;1;0
10/06/1998;1998046;37;42;8;25;7;0
06/06/1998;1998045;31;35;28;14;47;0
06/06/1998;1998045;22;8;3;42;23;0
03/06/1998;1998044;46;2;14;23;35;0
03/06/1998;1998044;42;30;26;15;41;0
30/05/1998;1998043;20;23;24;40;47;0
30/05/1998;1998043;2;4;14;30;16;0
27/05/1998;1998042;41;21;34;32;13;0
27/05/1998;1998042;38;25;40;17;41;0
23/05/1998;1998041;1;23;25;2;4;0
23/05/1998;1998041;19;13;39;27;42;0
20/05/1998;1998040;16;31;39;3;5;0
20/05/1998;1998040;8;49;18;42;17;0
16/05/1998;1998039;6;24;21;37;30;0
16/05/1998;1998039;44;29;15;26;34;0
13/05/1998;1998038;21;38;30;43;24;0
13/05/1998;1998038;43;45;31;30;39;0
09/05/1998;1998037;13;23;49;15;21;0
09/05/1998;1998037;17;35;16;5;22;0
06/05/1998;1998036;28;35;13;19;43;0
06/05/1998;1998036;3;32;1;35;19;0
02/05/1998;1998035;13;46;49;38;37;0
02/05/1998;1998035;4;42;30;2;43;0
29/04/1998;1998034;33;16;43;27;12;0
29/04/1998;1998034;26;34;22;14;27;0
25/04/1998;1998033;16;20;32;14;25;0
25/04/1998;1998033;1;10;2;38;11;0
22/04/1998;1998032;13;8;4;32;28;0
22/04/1998;1998032;10;34;36;22;3;0
18/04/1998;1998031;36;10;9;27;19;0
18/04/1998;1998031;3;43;23;14;9;0
15/04/1998;1998030;11;40;30;28;5;0
15/04/1998;1998030;29;32;38;19;6;0
11/04/1998;1998029;22;38;46;16;5;0
11/04/1998;1998029;3;27;17;13;45;0
08/04/1998;1998028;36;3;48;33;47;0
08/04/1998;1998028;17;38;5;14;25;0
04/04/1998;1998027;40;17;7;26;44;0
04/04/1998;1998027;46;15;42;29;12;0
01/04/1998;1998026;41;31;30;13;45;0
01/04/1998;1998026;49;11;30;26;42;0
28/03/1998;1998025;20;32;41;7;23;0
28/03/1998;1998025;48;45;12;9;29;0
25/03/1998;1998024;43;42;18;27;28;0
25/03/1998;1998024;15;49;19;22;35;0
21/03/1998;1998023;5;31;28;48;13;0
21/03/1998;1998023;20;43;15;12;6;0
18/03/1998;1998022;35;22;2;7;6;0
18/03/1998;1998022;46;13;19;49;30;0
14/03/1998;1998021;43;45;46;15;29;0
14/03/1998;1998021;28;23;26;5;34;0
11/03/1998;1998020;16;5;20;38;21;0
11/03/1998;1998020;28;21;29;23;30;0
07/03/1998;1998019;10;18;37;47;40;0
07/03/1998;1998019;9;6;26;29;27;0
04/03/1998;1998018;33;43;12;41;45;0
04/03/1998;1998018;16;12;3;13;39;0
28/02/1998;1998017;10;37;16;44;22;0
28/02/1998;1998017;37;47;39;25;49;0
25/02/1998;1998016;46;29;30;28;13;0
25/02/1998;1998016;9;40;25;11;14;0
21/02/1998;1998015;19;10;11;29;31;0
21/02/1998;1998015;11;22;43;33;14;0
18/02/1998;1998014;23;13;49;8;30;0
18/02/1998;1998014;4;45;44;10;8;0
14/02/1998;1998013;32;41;1;28;36;0
14/02/1998;1998013;21;11;9;10;33;0
11/02/1998;1998012;34;27;18;46;35;0
11/02/1998;1998012;24;5;33;38;43;0
07/02/1998;1998011;28;1;30;29;10;0
07/02/1998;1998011;13;29;48;25;21;0
04/02/1998;1998010;44;31;36;43;6;0
04/02/1998;1998010;24;15;23;47;48;0
31/01/1998;1998009;39;22;49;14;34;0
31/01/1998;1998009;3;24;41;7;13;0
28/01/1998;1998008;23;35;26;39;7;0
28/01/1998;1998008;22;36;43;7;41;0
24/01/1998;1998007;40;44;26;18;13;0
24/01/1998;1998007;5;42;32;14;39;0
21/01/1998;1998006;22;1;7;33;16;0
21/01/1998;1998006;1;37;49;39;27;0
17/01/1998;1998005;30;6;39;21;42;0
17/01/1998;1998005;45;38;36;20;43;0
14/01/1998;1998004;34;19;4;32;7;0
14/01/1998;1998004;9;18;38;30;27;0
10/01/1998;1998003;17;7;13;36;49;0
10/01/1998;1998003;11;39;36;40;4;0
07/01/1998;1998002;41;15;14;42;13;0
07/01/1998;1998002;42;38;26;36;31;0
03/01/1998;1998001;22;17;12;4;44;0
03/01/1998;1998001;39;33;8;1;4;0
31/12/1997;1997105;41;15;31;19;32;0
31/12/1997;1997105;18;1;35;36;21;0
27/12/1997;1997104;28;2;16;39;9;0
27/12/1997;1997104;31;48;42;34;5;0
24/12/1997;1997103;24;22;32;23;9;0
24/12/1997;1997103;28;15;39;35;12;0
20/12/1997;1997102;39;16;3;23;18;0
20/12/1997;1997102;41;5;21;29;46;0
17/12/1997;1997101;19;15;5;31;43;0
17/12/1997;1997101;44;7;14;17;15;0
13/12/1997;1997100;5;27;34;9;3;0
13/12/1997;1997100;9;46;49;25;29;0
10/12/1997;1997099;29;13;46;25;32;0
10/12/1997;1997099;27;1;20;43;5;0
06/12/1997;1997098;39;4;30;7;42;0
06/12/1997;1997098;30;46;45;3;18;0
03/12/1997;1997097;6;9;27;34;1;0
03/12/1997;1997097;44;31;35;30;25;0
29/11/1997;1997096;33;31;10;39;11;0
29/11/1997;1997096;1;42;7;27;11;0
26/11/1997;1997095;18;23;47;42;16;0
26/11/1997;1997095;11;37;42;19;46;0
22/11/1997;1997094;34;9;26;1;20;0
22/11/1997;1997094;49;8;28;15;35;0
19/11/1997;1997093;40;39;22;35;43;0
19/11/1997;1997093;14;27;9;46;35;0
15/11/1997;1997092;39;33;20;37;25;0
15/11/1997;1997092;40;21;22;26;47;0
12/11/1997;1997091;18;14;30;24;4;0
12/11/1997;1997091;27;49;18;5;23;0
08/11/1997;1997090;47;32;41;35;17;0
08/11/1997;1997090;32;47;35;25;39;0
05/11/1997;1997089;49;37;41;24;20;0
05/11/1997;1997089;10;38;25;32;15;0
01/11/1997;1997088;31;3;33;29;19;0
01/11/1997;1997088;13;37;35;26;42;0
29/10/1997;1997087;24;5;30;43;47;0
29/10/1997;1997087;30;15;31;9;48;0
25/10/1997;1997086;49;23;16;13;4;0
25/10/1997;1997086;14;45;25;44;7;0
22/10/1997;1997085;3;17;6;37;29;0
22/10/1997;1997085;37;27;14;34;47;0
18/10/1997;1997084;36;11;21;41;39;0
18/10/1997;1997084;45;32;19;43;2;0
15/10/1997;1997083;39;46;18;45;40;0
15/10/1997;1997083;34;14;40;4;16;0
11/10/1997;1997082;33;7;17;16;27;0
11/10/1997;1997082;3;31;9;18;37;0
08/10/1997;1997081;18;21;36;1;34;0
08/10/1997;1997081;36;5;21;2;3;0
04/10/1997;1997080;43;32;35;7;5;0
04/10/1997;1997080;14;27;21;34;46;0
01/10/1997;1997079;35;30;3;17;27;0
01/10/1997;1997079;29;9;38;12;23;0
27/09/1997;1997078;40;28;1;30;10;0
27/09/1997;1997078;35;6;3;22;31;0
24/09/1997;1997077;36;44;13;3;41;0
24/09/1997;1997077;41;17;20;23;12;0
20/09/1997;1997076;2;44;21;25;19;0
20/09/1997;1997076;9;35;13;12;29;0
17/09/1997;1997075;10;48;46;36;22;0
17/09/1997;1997075;34;39;14;46;4;0
13/09/1997;1997074;20;48;6;17;49;0
13/09/1997;1997074;20;7;31;1;13;0
10/09/1997;1997073;41;22;17;1;37;0
10/09/1997;1997073;44;8;14;34;27;0
06/09/1997;1997072;25;43;3;37;41;0
06/09/1997;1997072;16;5;27;20;34;0
03/09/1997;1997071;45;31;9;24;16;0
03/09/1997;1997071;2;29;28;18;22;0
30/08/1997;1997070;25;4;41;29;26;0
30/08/1997;1997070;36;18;32;45;35;0
27/08/1997;1997069;41;31;13;34;8;0
27/08/1997;1997069;6;28;15;46;9;0
23/08/1997;1997068;6;5;26;38;42;0
23/08/1997;1997068;5;33;8;46;18;0
20/08/1997;1997067;45;1;44;3;38;0
20/08/1997;1997067;37;16;36;43;3;0
16/08/1997;1997066;16;1;11;6;39;0
16/08/1997;1997066;20;11;1;13;41;0
13/08/1997;1997065;20;33;40;29;14;0
13/08/1997;1997065;35;19;48;16;39;0
09/08/1997;1997064;37;2;10;1;12;0
09/08/1997;1997064;18;11;33;42;19;0
06/08/1997;1997063;4;33;32;35;10;0
06/08/1997;1997063;13;40;25;11;7;0
02/08/1997;1997062;39;6;24;7;31;0
02/08/1997;1997062;3;42;11;40;13;0
30/07/1997;1997061;29;4;15;34;39;0
30/07/1997;1997061;4;1;42;21;15;0
26/07/1997;1997060;16;32;9;39;4;0
26/07/1997;1997060;27;3;39;13;1;0
23/07/1997;1997059;42;6;46;15;34;0
23/07/1997;1997059;8;36;44;7;25;0
19/07/1997;1997058;44;23;26;1;22;0
19/07/1997;1997058;35;39;33;15;5;0
16/07/1997;1997057;46;45;11;18;30;0
16/07/1997;1997057;1;40;3;43;6;0
12/07/1997;1997056;34;9;36;47;24;0
12/07/1997;1997056;8;15;12;1;21;0
09/07/1997;1997055;23;30;21;1;9;0
09/07/1997;1997055;2;22;29;37;47;0
05/07/1997;1997054;43;39;13;22;30;0
05/07/1997;1997054;37;25;3;43;12;0
02/07/1997;1997053;33;37;8;7;2;0
02/07/1997;1997053;28;31;36;3;19;0
28/06/1997;1997052;48;24;28;6;1;0
28/06/1997;1997052;7;1;48;44;22;0
25/06/1997;1997051;40;11;45;26;44;0
25/06/1997;1997051;34;29;37;38;41;0
21/06/1997;1997050;34;14;35;36;49;0
21/06/1997;1997050;35;21;33;27;2;0
18/06/1997;1997049;46;45;48;9;27;0
18/06/1997;1997049;43;32;48;29;45;0
14/06/1997;1997048;5;40;14;1;21;0
14/06/1997;1997048;12;33;20;26;35;0
11/06/1997;1997047;36;35;49;41;16;0
11/06/1997;1997047;40;4;48;18;30;0
07/06/1997;1997046;21;27;17;10;42;0
07/06/1997;1997046;4;15;26;14;7;0
04/06/1997;1997045;34;32;28;1;40;0
04/06/1997;1997045;20;26;23;38;34;0
31/05/1997;1997044;18;30;1;12;7;0
31/05/1997;1997044;17;7;31;39;20;0
28/05/1997;1997043;19;43;1;48;6;0
28/05/1997;1997043;2;35;43;29;12;0
24/05/1997;1997042;19;39;20;35;18;0
24/05/1997;1997042;49;38;42;8;30;0
21/05/1997;1997041;39;33;2;46;49;0
21/05/1997;1997041;31;40;37;41;49;0
17/05/1997;1997040;11;18;15;4;31;0
17/05/1997;1997040;22;42;17;11;45;0
14/05/1997;1997039;20;13;48;24;41;0
14/05/1997;1997039;39;20;33;29;38;0
10/05/1997;1997038;44;20;16;27;7;0
10/05/1997;1997038;2;31;20;38;21;0
07/05/1997;1997037;34;11;31;27;22;0
07/05/1997;1997037;39;27;34;3;36;0
03/05/1997;1997036;38;20;39;27;41;0
03/05/1997;1997036;46;42;24;47;25;0
30/04/1997;1997035;44;22;6;41;20;0
30/04/1997;1997035;43;46;32;7;19;0
26/04/1997;1997034;49;8;3;31;30;0
26/04/1997;1997034;13;15;18;28;22;0
23/04/1997;1997033;18;43;17;12;4;0
23/04/1997;1997033;22;20;14;1;27;0
19/04/1997;1997032;40;15;19;32;26;0
19/04/1997;1997032;33;14;16;21;43;0
16/04/1997;1997031;32;45;8;31;22;0
16/04/1997;1997031;30;40;11;29;17;0
12/04/1997;1997030;2;4;8;28;35;0
12/04/1997;1997030;20;10;4;16;37;0
09/04/1997;1997029;20;42;22;4;18;0
09/04/1997;1997029;32;45;23;9;26;0
05/04/1997;1997028;37;31;47;34;2;0
05/04/1997;1997028;25;49;13;48;15;0
02/04/1997;1997027;33;21;43;19;40;0
02/04/1997;1997027;41;28;4;45;16;0
29/03/1997;1997026;44;29;20;16;48;0
29/03/1997;1997026;25;28;42;8;47;0
26/03/1997;1997025;42;41;22;21;29;0
26/03/1997;1997025;4;37;47;28;14;0
22/03/1997;1997024;21;39;22;15;19;0
22/03/1997;1997024;49;12;13;16;4;0
19/03/1997;1997023;7;13;35;24;9;0
19/03/1997;1997023;38;20;27;43;35;0
15/03/1997;1997022;10;8;27;19;36;0
15/03/1997;1997022;15;32;39;23;48;0
12/03/1997;1997021;1;37;11;40;16;0
12/03/1997;1997021;37;48;12;9;13;0
08/03/1997;1997020;40;41;33;21;49;0
08/03/1997;1997020;37;34;31;40;23;0
05/03/1997;1997019;29;8;26;27;41;0
05/03/1997;1997019;5;4;2;38;40;0
01/03/1997;1997018;21;38;42;24;7;0
01/03/1997;1997018;36;35;43;30;5;0
26/02/1997;1997017;33;34;19;7;49;0
26/02/1997;1997017;27;13;48;7;33;0
22/02/1997;1997016;45;7;28;14;36;0
22/02/1997;1997016;13;9;46;5;41;0
19/02/1997;1997015;32;7;16;17;3;0
19/02/1997;1997015;47;10;19;20;24;0
15/02/1997;1997014;27;25;28;30;24;0
15/02/1997;1997014;45;3;37;16;13;0
12/02/1997;1997013;25;47;7;32;16;0
12/02/1997;1997013;19;27;30;31;4;0
08/02/1997;1997012;22;38;24;40;37;0
08/02/1997;1997012;10;17;26;47;28;0
05/02/1997;1997011;39;28;17;8;41;0
05/02/1997;1997011;34;46;42;37;8;0
01/02/1997;1997010;12;35;7;30;47;0
01/02/1997;1997010;11;39;24;14;45;0
29/01/1997;1997009;3;21;4;36;26;0
29/01/1997;1997009;45;8;14;7;26;0
25/01/1997;1997008;26;32;14;5;29;0
25/01/1997;1997008;45;43;3;30;21;0
22/01/1997;1997007;32;40;43;47;24;0
22/01/1997;1997007;29;14;45;8;37;0
18/01/1997;1997006;28;13;17;29;7;0
18/01/1997;1997006;20;45;33;40;22;0
15/01/1997;1997005;1;31;35;20;48;0
15/01/1997;1997005;11;40;45;14;42;0
11/01/1997;1997004;37;26;28;16;31;0
11/01/1997;1997004;20;35;36;25;4;0
08/01/1997;1997003;26;31;35;49;14;0
08/01/1997;1997003;14;16;15;40;25;0
04/01/1997;1997002;33;23;15;18;43;0
04/01/1997;1997002;25;39;2;3;48;0
01/01/1997;1997001;13;44;25;36;32;0
01/01/1997;1997001;27;26;9;23;43;0
28/12/1996;1996080;17;24;21;41;32;0
28/12/1996;1996080;25;28;21;23;46;0
25/12/1996;1996079;22;43;42;30;33;0
25/12/1996;1996079;41;28;37;18;35;0
21/12/1996;1996078;8;3;26;7;13;0
21/12/1996;1996078;11;42;33;23;30;0
18/12/1996;1996077;42;46;44;36;6;0
18/12/1996;1996077;32;17;5;16;27;0
14/12/1996;1996076;25;11;19;5;1;0
14/12/1996;1996076;2;45;44;30;11;0
11/12/1996;1996075;14;40;30;28;46;0
11/12/1996;1996075;46;27;4;13;30;0
07/12/1996;1996074;24;2;21;27;16;0
07/12/1996;1996074;25;21;3;28;27;0
04/12/1996;1996073;3;40;45;21;34;0
04/12/1996;1996073;33;40;22;37;36;0
30/11/1996;1996072;12;45;19;39;31;0
30/11/1996;1996072;49;43;6;30;48;0
27/11/1996;1996071;10;41;17;49;31;0
27/11/1996;1996071;46;32;7;31;25;0
23/11/1996;1996070;46;32;25;12;40;0
23/11/1996;1996070;6;34;19;28;11;0
20/11/1996;1996069;26;37;4;47;18;0
20/11/1996;1996069;20;1;34;45;28;0
16/11/1996;1996068;44;13;18;7;38;0
16/11/1996;1996068;39;20;16;26;24;0
13/11/1996;1996067;31;20;3;25;11;0
13/11/1996;1996067;2;45;12;7;10;0
09/11/1996;1996066;27;36;11;10;43;0
09/11/1996;1996066;16;25;48;14;15;0
06/11/1996;1996065;32;46;34;49;1;0
06/11/1996;1996065;17;49;38;39;27;0
02/11/1996;1996064;22;19;25;31;39;0
02/11/1996;1996064;27;42;48;2;34;0
30/10/1996;1996063;34;44;3;33;15;0
30/10/1996;1996063;8;30;43;34;19;0
26/10/1996;1996062;41;16;26;10;17;0
26/10/1996;1996062;49;21;28;4;37;0
23/10/1996;1996061;28;43;42;40;33;0
23/10/1996;1996061;21;11;23;46;25;0
19/10/1996;1996060;42;48;16;12;45;0
19/10/1996;1996060;30;34;21;40;3;0
16/10/1996;1996059;41;17;23;12;44;0
16/10/1996;1996059;41;34;28;47;19;0
12/10/1996;1996058;39;20;9;45;36;0
12/10/1996;1996058;48;35;30;42;41;0
09/10/1996;1996057;35;3;8;12;32;0
09/10/1996;1996057;9;7;14;41;44;0
05/10/1996;1996056;40;37;31;43;1;0
05/10/1996;1996056;6;16;25;17;49;0
02/10/1996;1996055;38;1;42;6;15;0
02/10/1996;1996055;47;6;46;20;11;0
28/09/1996;1996054;14;11;31;37;20;0
28/09/1996;1996054;35;4;22;40;12;0
25/09/1996;1996053;16;23;3;32;4;0
25/09/1996;1996053;28;36;40;10;19;0
21/09/1996;1996052;30;34;20;8;12;0
21/09/1996;1996052;39;4;5;43;41;0
18/09/1996;1996051;49;36;30;33;11;0
18/09/1996;1996051;40;39;21;47;11;0
14/09/1996;1996050;39;45;48;13;3;0
14/09/1996;1996050;4;13;7;42;36;0
11/09/1996;1996049;11;19;14;16;46;0
11/09/1996;1996049;20;25;43;8;37;0
07/09/1996;1996048;28;6;13;42;47;0
07/09/1996;1996048;16;17;8;26;23;0
04/09/1996;1996047;46;49;25;30;37;0
04/09/1996;1996047;32;44;45;38;9;0
31/08/1996;1996046;45;32;11;21;1;0
31/08/1996;1996046;41;47;36;5;17;0
28/08/1996;1996045;40;48;31;5;34;0
28/08/1996;1996045;37;27;33;32;49;0
24/08/1996;1996044;2;27;4;15;39;0
24/08/1996;1996044;41;12;34;25;36;0
21/08/1996;1996043;27;25;6;40;18;0
21/08/1996;1996043;9;32;26;47;1;0
17/08/1996;1996042;23;21;4;41;42;0
17/08/1996;1996042;31;16;28;13;14;0
14/08/1996;1996041;34;16;40;46;11;0
14/08/1996;1996041;45;25;18;12;13;0
10/08/1996;1996040;25;26;46;9;1;0
10/08/1996;1996040;5;42;1;44;21;0
07/08/1996;1996039;34;10;44;18;47;0
07/08/1996;1996039;49;36;17;43;37;0
03/08/1996;1996038;11;10;30;16;25;0
03/08/1996;1996038;39;44;28;23;25;0
31/07/1996;1996037;39;20;3;32;4;0
31/07/1996;1996037;14;24;18;35;30;0
27/07/1996;1996036;43;10;33;6;41;0
27/07/1996;1996036;43;7;10;46;26;0
24/07/1996;1996035;14;2;24;43;27;0
24/07/1996;1996035;7;22;4;1;8;0
20/07/1996;1996034;32;4;30;26;29;0
20/07/1996;1996034;9;18;43;40;17;0
17/07/1996;1996033;6;49;39;27;40;0
17/07/1996;1996033;39;1;25;46;21;0
13/07/1996;1996032;46;25;33;47;31;0
13/07/1996;1996032;41;7;22;31;15;0
10/07/1996;1996031;26;18;21;24;17;0
10/07/1996;1996031;19;43;13;10;18;0
06/07/1996;1996030;41;25;7;13;20;0
06/07/1996;1996030;16;35;34;7;19;0
03/07/1996;1996029;4;38;29;15;27;0
03/07/1996;1996029;33;38;42;37;27;0
29/06/1996;1996028;31;10;36;13;44;0
29/06/1996;1996028;3;44;14;25;10;0
26/06/1996;1996027;1;20;25;6;11;0
26/06/1996;1996027;27;29;49;7;10;0
22/06/1996;1996026;21;16;23;41;43;0
22/06/1996;1996026;45;10;28;19;8;0
19/06/1996;1996025;28;43;20;29;30;0
19/06/1996;1996025;6;47;13;44;7;0
15/06/1996;1996024;5;36;13;40;6;0
15/06/1996;1996024;38;42;45;35;20;0
12/06/1996;1996024;10;47;48;14;11;0
12/06/1996;1996024;27;13;30;48;24;0
08/06/1996;1996023;5;33;7;39;31;0
08/06/1996;1996023;19;7;3;49;39;0
05/06/1996;1996023;41;25;11;27;4;0
05/06/1996;1996023;6;34;29;3;14;0
01/06/1996;1996022;8;28;10;49;42;0
01/06/1996;1996022;31;19;21;20;6;0
29/05/1996;1996022;5;14;42;19;40;0
29/05/1996;1996022;23;3;22;35;21;0
25/05/1996;1996021;35;21;4;11;38;0
25/05/1996;1996021;15;6;14;20;10;0
22/05/1996;1996021;17;29;46;45;6;0
22/05/1996;1996021;1;38;2;24;13;0
18/05/1996;1996020;10;5;48;39;11;0
18/05/1996;1996020;39;17;46;43;8;0
15/05/1996;1996020;24;32;18;36;27;0
15/05/1996;1996020;36;48;43;2;16;0
11/05/1996;1996019;39;43;30;38;5;0
11/05/1996;1996019;12;19;27;38;43;0
08/05/1996;1996019;31;20;37;19;11;0
08/05/1996;1996019;22;33;14;9;47;0
04/05/1996;1996018;42;18;32;46;7;0
04/05/1996;1996018;31;7;1;48;2;0
01/05/1996;1996018;18;17;31;13;14;0
01/05/1996;1996018;30;12;9;16;49;0
27/04/1996;1996017;30;29;38;48;5;0
27/04/1996;1996017;8;15;22;23;26;0
24/04/1996;1996017;11;46;45;32;2;0
24/04/1996;1996017;20;5;18;48;17;0
20/04/1996;1996016;4;48;31;10;35;0
20/04/1996;1996016;2;12;43;47;45;0
17/04/1996;1996016;11;41;39;28;38;0
17/04/1996;1996016;12;18;13;31;1;0
13/04/1996;1996015;34;44;36;46;12;0
13/04/1996;1996015;47;5;31;38;39;0
10/04/1996;1996015;42;28;17;4;1;0
10/04/1996;1996015;31;49;26;15;11;0
06/04/1996;1996014;42;47;19;4;8;0
06/04/1996;1996014;22;49;35;1;13;0
03/04/1996;1996014;8;7;5;39;38;0
03/04/1996;1996014;7;20;34;25;26;0
30/03/1996;1996013;49;34;17;18;44;0
30/03/1996;1996013;46;15;30;43;22;0
27/03/1996;1996013;39;49;33;23;9;0
27/03/1996;1996013;28;2;18;47;32;0
23/03/1996;1996012;5;21;18;29;42;0
23/03/1996;1996012;4;41;15;47;35;0
20/03/1996;1996012;46;11;26;6;32;0
20/03/1996;1996012;44;43;46;23;28;0
16/03/1996;1996011;44;34;26;48;3;0
16/03/1996;1996011;29;23;28;39;24;0
13/03/1996;1996011;38;12;15;47;44;0
13/03/1996;1996011;36;10;16;20;48;0
09/03/1996;1996010;19;32;24;1;49;0
09/03/1996;1996010;11;4;30;22;12;0
06/03/1996;1996010;14;15;36;29;39;0
06/03/1996;1996010;37;26;46;21;8;0
02/03/1996;1996009;20;41;31;42;13;0
02/03/1996;1996009;12;4;21;39;31;0
28/02/1996;1996009;32;8;15;5;9;0
28/02/1996;1996009;13;24;31;23;17;0
24/02/1996;1996008;33;12;49;4;18;0
24/02/1996;1996008;13;1;8;2;23;0
21/02/1996;1996008;40;21;32;18;4;0
21/02/1996;1996008;43;9;48;30;46;0
17/02/1996;1996007;9;35;18;6;8;0
17/02/1996;1996007;21;32;27;47;2;0
14/02/1996;1996007;37;30;13;35;36;0
14/02/1996;1996007;1;41;13;14;10;0
10/02/1996;1996006;28;23;26;49;29;0
10/02/1996;1996006;17;21;15;3;6;0
07/02/1996;1996006;10;32;16;36;39;0
07/02/1996;1996006;9;37;43;1;20;0
03/02/1996;1996005;43;34;12;9;42;0
03/02/1996;1996005;45;37;24;27;20;0
31/01/1996;1996005;12;47;37;20;42;0
31/01/1996;1996005;7;6;12;17;34;0
27/01/1996;1996004;38;41;45;47;44;0
27/01/1996;1996004;19;40;2;24;27;0
24/01/1996;1996004;13;31;10;28;34;0
24/01/1996;1996004;6;4;32;47;45;0
20/01/1996;1996003;30;10;36;26;17;0
20/01/1996;1996003;13;48;28;45;21;0
17/01/1996;1996003;32;20;7;13;18;0
17/01/1996;1996003;48;25;15;46;4;0
13/01/1996;1996002;36;11;23;26;46;0
13/01/1996;1996002;28;35;2;45;26;0
10/01/1996;1996002;43;1;34;35;32;0
10/01/1996;1996002;5;8;16;4;46;0
06/01/1996;1996001;21;14;26;9;38;0
06/01/1996;1996001;16;44;36;13;27;0
03/01/1996;1996001;14;21;8;19;30;0
03/01/1996;1996001;17;34;16;37;11;0
30/12/1995;1995052;48;23;16;40;25;0
30/12/1995;1995052;35;7;3;22;6;0
27/12/1995;1995052;37;42;10;41;43;0
27/12/1995;1995052;47;30;33;40;2;0
23/12/1995;1995051;45;42;36;32;39;0
23/12/1995;1995051;25;22;27;38;2;0
20/12/1995;1995051;4;15;43;10;21;0
20/12/1995;1995051;12;8;38;22;45;0
16/12/1995;1995050;14;36;32;8;18;0
16/12/1995;1995050;8;37;28;31;22;0
13/12/1995;1995050;41;13;39;14;47;0
13/12/1995;1995050;41;22;32;18;4;0
09/12/1995;1995049;13;44;22;46;3;0
09/12/1995;1995049;49;20;12;42;28;0
06/12/1995;1995049;48;43;37;22;20;0
06/12/1995;1995049;27;36;33;15;29;0
02/12/1995;1995048;11;49;34;28;24;0
02/12/1995;1995048;25;2;4;22;5;0
29/11/1995;1995048;32;35;20;29;8;0
29/11/1995;1995048;44;30;37;31;45;0
25/11/1995;1995047;38;27;49;6;2;0
25/11/1995;1995047;2;4;40;17;7;0
22/11/1995;1995047;25;27;42;4;39;0
22/11/1995;1995047;15;28;5;36;30;0
18/11/1995;1995046;12;28;39;29;11;0
18/11/1995;1995046;16;34;22;39;8;0
15/11/1995;1995046;45;25;1;16;37;0
15/11/1995;1995046;18;19;36;20;25;0
11/11/1995;1995045;5;20;7;4;22;0
11/11/1995;1995045;27;32;12;15;20;0
08/11/1995;1995045;40;6;38;45;28;0
08/11/1995;1995045;16;35;38;47;28;0
04/11/1995;1995044;2;5;42;25;9;0
04/11/1995;1995044;38;23;7;43;48;0
01/11/1995;1995044;3;15;24;37;23;0
01/11/1995;1995044;21;40;6;33;13;0
28/10/1995;1995043;3;45;35;48;33;0
28/10/1995;1995043;9;29;40;16;1;0
25/10/1995;1995043;48;29;41;39;15;0
25/10/1995;1995043;2;12;33;6;24;0
21/10/1995;1995042;12;37;4;24;1;0
21/10/1995;1995042;44;34;21;45;6;0
18/10/1995;1995042;33;39;3;24;38;0
18/10/1995;1995042;3;8;22;23;31;0
14/10/1995;1995041;21;25;38;5;16;0
14/10/1995;1995041;16;31;49;41;44;0
11/10/1995;1995041;32;23;19;24;10;0
11/10/1995;1995041;24;9;41;21;10;0
07/10/1995;1995040;3;49;31;41;15;0
07/10/1995;1995040;6;10;15;24;4;0
04/10/1995;1995040;9;43;17;45;25;0
04/10/1995;1995040;35;6;29;31;12;0
30/09/1995;1995039;32;5;12;18;49;0
30/09/1995;1995039;22;32;13;31;14;0
27/09/1995;1995039;27;22;20;40;42;0
27/09/1995;1995039;37;29;33;16;41;0
23/09/1995;1995038;27;43;49;44;18;0
23/09/1995;1995038;14;19;47;2;40;0
20/09/1995;1995038;12;46;22;7;40;0
20/09/1995;1995038;6;32;30;42;41;0
16/09/1995;1995037;42;7;29;44;17;0
16/09/1995;1995037;23;4;15;29;13;0
13/09/1995;1995037;11;6;25;13;46;0
13/09/1995;1995037;17;14;35;5;41;0
09/09/1995;1995036;22;23;35;39;38;0
09/09/1995;1995036;15;14;39;9;34;0
06/09/1995;1995036;23;3;24;25;4;0
06/09/1995;1995036;16;7;42;26;43;0
02/09/1995;1995035;43;16;23;41;33;0
02/09/1995;1995035;48;46;14;10;36;0
30/08/1995;1995035;20;38;37;26;2;0
30/08/1995;1995035;19;33;40;47;36;0
26/08/1995;1995034;7;6;21;27;44;0
26/08/1995;1995034;10;36;1;18;27;0
23/08/1995;1995034;35;14;3;7;24;0
23/08/1995;1995034;17;37;46;33;16;0
19/08/1995;1995033;1;24;11;21;27;0
19/08/1995;1995033;48;1;21;35;46;0
16/08/1995;1995033;13;26;24;47;39;0
16/08/1995;1995033;37;10;7;14;48;0
12/08/1995;1995032;38;19;5;39;32;0
12/08/1995;1995032;23;40;42;13;41;0
09/08/1995;1995032;44;22;24;18;15;0
09/08/1995;1995032;29;41;34;33;5;0
05/08/1995;1995031;43;1;18;14;24;0
05/08/1995;1995031;43;12;41;27;11;0
02/08/1995;1995031;42;35;10;3;6;0
02/08/1995;1995031;26;17;4;8;12;0
29/07/1995;1995030;35;37;31;39;19;0
29/07/1995;1995030;30;21;42;37;34;0
26/07/1995;1995030;39;48;34;19;23;0
26/07/1995;1995030;2;26;38;46;16;0
22/07/1995;1995029;30;10;20;31;3;0
22/07/1995;1995029;20;21;44;46;5;0
19/07/1995;1995029;47;35;49;33;13;0
19/07/1995;1995029;18;41;25;1;13;0
15/07/1995;1995028;36;10;38;24;27;0
15/07/1995;1995028;36;48;21;23;22;0
12/07/1995;1995028;31;39;19;5;43;0
12/07/1995;1995028;22;12;29;41;7;0
08/07/1995;1995027;4;27;14;10;42;0
08/07/1995;1995027;2;49;39;41;45;0
05/07/1995;1995027;32;44;41;17;22;0
05/07/1995;1995027;32;42;17;13;45;0
01/07/1995;1995026;36;5;48;13;49;0
01/07/1995;1995026;26;38;4;15;42;0
28/06/1995;1995026;5;31;7;36;18;0
28/06/1995;1995026;47;39;18;40;34;0
24/06/1995;1995025;23;7;5;48;46;0
24/06/1995;1995025;30;18;24;19;28;0
21/06/1995;1995025;19;5;41;25;27;0
21/06/1995;1995025;22;15;45;11;6;0
17/06/1995;1995024;11;16;3;46;1;0
17/06/1995;1995024;32;44;40;24;25;0
14/06/1995;1995024;11;46;36;35;26;0
14/06/1995;1995024;42;44;39;41;6;0
10/06/1995;1995023;44;40;10;22;27;0
10/06/1995;1995023;15;32;46;40;2;0
07/06/1995;1995023;44;27;24;15;14;0
07/06/1995;1995023;43;40;23;2;5;0
03/06/1995;1995022;49;45;14;34;2;0
03/06/1995;1995022;24;13;9;47;10;0
31/05/1995;1995022;19;14;2;32;1;0
31/05/1995;1995022;47;17;27;39;29;0
27/05/1995;1995021;25;26;38;12;24;0
27/05/1995;1995021;1;7;18;6;39;0
24/05/1995;1995021;29;11;7;17;39;0
24/05/1995;1995021;14;22;19;41;21;0
20/05/1995;1995020;49;8;26;31;37;0
20/05/1995;1995020;26;24;49;27;15;0
17/05/1995;1995020;28;42;9;33;22;0
17/05/1995;1995020;25;22;43;8;34;0
13/05/1995;1995019;32;7;37;16;19;0
13/05/1995;1995019;24;1;47;30;16;0
10/05/1995;1995019;39;7;5;36;48;0
10/05/1995;1995019;8;24;4;22;25;0
06/05/1995;1995018;19;24;12;4;29;0
06/05/1995;1995018;17;2;36;43;40;0
03/05/1995;1995018;41;22;16;19;27;0
03/05/1995;1995018;41;5;20;48;16;0
29/04/1995;1995017;4;32;10;44;15;0
29/04/1995;1995017;16;13;6;2;19;0
26/04/1995;1995017;5;1;43;47;39;0
26/04/1995;1995017;16;4;34;44;48;0
22/04/1995;1995016;13;23;37;3;44;0
22/04/1995;1995016;12;35;7;37;10;0
19/04/1995;1995016;42;24;37;1;8;0
19/04/1995;1995016;3;20;23;47;30;0
15/04/1995;1995015;48;10;36;43;49;0
15/04/1995;1995015;29;8;31;15;34;0
12/04/1995;1995015;47;33;20;44;19;0
12/04/1995;1995015;32;28;14;29;16;0
08/04/1995;1995014;19;47;23;10;41;0
08/04/1995;1995014;24;13;6;39;20;0
05/04/1995;1995014;13;27;41;2;42;0
05/04/1995;1995014;40;4;34;23;44;0
01/04/1995;1995013;9;29;44;14;17;0
01/04/1995;1995013;23;49;21;43;5;0
29/03/1995;1995013;6;41;46;4;30;0
29/03/1995;1995013;32;19;31;25;5;0
25/03/1995;1995012;6;25;26;34;36;0
25/03/1995;1995012;33;7;10;48;22;0
22/03/1995;1995012;43;7;27;42;28;0
22/03/1995;1995012;12;49;48;22;28;0
18/03/1995;1995011;5;34;13;29;1;0
18/03/1995;1995011;47;1;6;45;16;0
15/03/1995;1995011;44;8;46;16;17;0
15/03/1995;1995011;4;45;30;7;34;0
11/03/1995;1995010;10;17;16;1;27;0
11/03/1995;1995010;6;24;12;19;43;0
08/03/1995;1995010;32;34;11;40;19;0
08/03/1995;1995010;21;47;40;26;41;0
04/03/1995;1995009;25;27;48;3;1;0
04/03/1995;1995009;38;21;12;40;24;0
01/03/1995;1995009;22;13;46;6;39;0
01/03/1995;1995009;3;16;33;19;31;0
25/02/1995;1995008;11;46;30;38;25;0
25/02/1995;1995008;13;32;30;14;5;0
22/02/1995;1995008;27;43;36;30;19;0
22/02/1995;1995008;5;30;1;44;36;0
18/02/1995;1995007;48;2;43;8;18;0
18/02/1995;1995007;11;2;42;12;39;0
15/02/1995;1995007;41;27;7;1;4;0
15/02/1995;1995007;37;34;38;15;16;0
11/02/1995;1995006;10;28;12;25;43;0
11/02/1995;1995006;19;14;10;12;9;0
08/02/1995;1995006;12;7;18;6;39;0
08/02/1995;1995006;7;48;31;26;32;0
04/02/1995;1995005;35;49;20;13;36;0
04/02/1995;1995005;13;23;14;11;35;0
01/02/1995;1995005;9;31;10;48;18;0
01/02/1995;1995005;39;49;37;40;9;0
28/01/1995;1995004;42;47;45;49;30;0
28/01/1995;1995004;32;30;16;27;20;0
25/01/1995;1995004;42;5;33;13;19;0
25/01/1995;1995004;19;14;29;16;6;0
21/01/1995;1995003;7;28;40;41;4;0
21/01/1995;1995003;48;6;7;38;13;0
18/01/1995;1995003;19;27;37;26;10;0
18/01/1995;1995003;10;29;34;37;16;0
14/01/1995;1995002;43;5;47;18;44;0
14/01/1995;1995002;44;48;35;43;8;0
11/01/1995;1995002;41;7;17;48;4;0
11/01/1995;1995002;16;37;47;5;43;0
07/01/1995;1995001;25;23;36;9;48;0
07/01/1995;1995001;47;20;9;29;21;0
04/01/1995;1995001;38;21;49;44;34;0
04/01/1995;1995001;44;21;15;49;13;0
31/12/1994;1994052;33;24;16;46;21;0
31/12/1994;1994052;15;19;24;44;35;0
28/12/1994;1994052;32;48;6;38;36;0
28/12/1994;1994052;39;43;11;29;45;0
24/12/1994;1994051;23;2;28;6;14;0
24/12/1994;1994051;22;15;30;47;19;0
21/12/1994;1994051;16;18;45;4;23;0
21/12/1994;1994051;29;39;43;4;41;0
17/12/1994;1994050;44;34;43;31;17;0
17/12/1994;1994050;49;10;21;6;1;0
14/12/1994;1994050;34;33;44;41;36;0
14/12/1994;1994050;4;42;30;45;41;0
10/12/1994;1994049;27;11;42;48;18;0
10/12/1994;1994049;31;4;38;37;18;0
07/12/1994;1994049;16;38;19;30;4;0
07/12/1994;1994049;11;49;36;15;9;0
03/12/1994;1994048;49;38;25;17;8;0
03/12/1994;1994048;24;36;1;9;17;0
30/11/1994;1994048;9;19;38;18;36;0
30/11/1994;1994048;22;2;16;13;9;0
26/11/1994;1994047;40;42;24;32;23;0
26/11/1994;1994047;40;41;2;49;12;0
23/11/1994;1994047;27;2;33;15;7;0
23/11/1994;1994047;15;38;25;16;1;0
19/11/1994;1994046;2;41;31;46;20;0
19/11/1994;1994046;6;35;37;48;29;0
16/11/1994;1994046;13;36;31;48;4;0
16/11/1994;1994046;13;22;32;34;14;0
12/11/1994;1994045;21;34;41;31;49;0
12/11/1994;1994045;4;46;44;48;16;0
09/11/1994;1994045;19;4;22;41;18;0
09/11/1994;1994045;15;32;49;1;11;0
05/11/1994;1994044;48;8;13;20;18;0
05/11/1994;1994044;17;38;13;8;2;0
02/11/1994;1994044;46;48;36;40;18;0
02/11/1994;1994044;1;33;46;43;13;0
29/10/1994;1994043;7;9;18;16;43;0
29/10/1994;1994043;31;9;46;41;13;0
26/10/1994;1994043;44;9;49;28;11;0
26/10/1994;1994043;8;39;34;6;47;0
22/10/1994;1994042;14;25;33;44;27;0
22/10/1994;1994042;48;19;2;16;49;0
19/10/1994;1994042;8;24;39;41;4;0
19/10/1994;1994042;38;10;32;27;17;0
15/10/1994;1994041;14;37;21;27;38;0
15/10/1994;1994041;49;29;5;33;39;0
12/10/1994;1994041;39;15;22;12;24;0
12/10/1994;1994041;37;28;20;47;7;0
08/10/1994;1994040;37;39;43;24;23;0
08/10/1994;1994040;40;19;14;33;12;0
05/10/1994;1994040;7;16;38;3;2;0
05/10/1994;1994040;23;47;5;6;27;0
01/10/1994;1994039;14;47;31;9;38;0
01/10/1994;1994039;6;13;43;21;28;0
28/09/1994;1994039;46;8;37;31;38;0
28/09/1994;1994039;12;33;32;9;4;0
24/09/1994;1994038;31;35;48;12;44;0
24/09/1994;1994038;20;6;9;41;45;0
21/09/1994;1994038;4;7;26;31;21;0
21/09/1994;1994038;14;15;39;45;20;0
17/09/1994;1994037;46;10;49;14;24;0
17/09/1994;1994037;38;28;27;34;17;0
14/09/1994;1994037;16;8;47;10;31;0
14/09/1994;1994037;17;39;21;28;26;0
10/09/1994;1994036;46;15;20;1;33;0
10/09/1994;1994036;42;27;19;1;31;0
07/09/1994;1994036;26;1;6;5;43;0
07/09/1994;1994036;22;13;19;41;42;0
03/09/1994;1994035;4;26;15;48;9;0
03/09/1994;1994035;2;9;22;49;31;0
31/08/1994;1994035;19;11;1;46;15;0
31/08/1994;1994035;47;12;1;30;37;0
27/08/1994;1994034;12;21;13;11;18;0
27/08/1994;1994034;13;46;25;31;17;0
24/08/1994;1994034;34;29;8;15;48;0
24/08/1994;1994034;48;6;5;34;13;0
20/08/1994;1994033;18;23;2;24;38;0
20/08/1994;1994033;38;2;19;44;41;0
17/08/1994;1994033;25;49;12;18;15;0
17/08/1994;1994033;45;43;18;19;49;0
13/08/1994;1994032;23;30;13;7;38;0
13/08/1994;1994032;4;6;17;27;42;0
10/08/1994;1994032;43;41;20;22;38;0
10/08/1994;1994032;9;13;32;26;29;0
06/08/1994;1994031;1;28;46;18;36;0
06/08/1994;1994031;49;26;36;9;24;0
03/08/1994;1994031;20;30;48;25;36;0
03/08/1994;1994031;46;23;15;48;25;0
30/07/1994;1994030;31;38;36;23;4;0
30/07/1994;1994030;24;19;18;32;41;0
27/07/1994;1994030;45;1;37;33;12;0
27/07/1994;1994030;45;21;3;13;15;0
23/07/1994;1994029;34;7;2;21;18;0
23/07/1994;1994029;42;29;30;35;38;0
20/07/1994;1994029;10;13;24;49;30;0
20/07/1994;1994029;16;42;22;3;49;0
16/07/1994;1994028;45;13;10;30;27;0
16/07/1994;1994028;18;19;27;42;35;0
13/07/1994;1994028;47;32;39;33;2;0
13/07/1994;1994028;28;31;22;18;34;0
09/07/1994;1994027;19;12;15;17;36;0
09/07/1994;1994027;48;16;12;46;22;0
06/07/1994;1994027;17;8;22;7;38;0
06/07/1994;1994027;37;20;34;15;12;0
02/07/1994;1994026;32;20;31;14;3;0
02/07/1994;1994026;26;30;18;11;48;0
29/06/1994;1994026;35;28;5;18;19;0
29/06/1994;1994026;36;1;8;9;44;0
25/06/1994;1994025;3;36;7;24;49;0
25/06/1994;1994025;17;23;16;18;42;0
22/06/1994;1994025;39;17;10;34;33;0
22/06/1994;1994025;4;33;9;39;35;0
18/06/1994;1994024;9;37;38;29;2;0
18/06/1994;1994024;9;40;29;8;7;0
15/06/1994;1994024;18;5;41;49;3;0
15/06/1994;1994024;47;7;5;24;12;0
11/06/1994;1994023;1;20;18;44;38;0
11/06/1994;1994023;44;26;48;40;15;0
08/06/1994;1994023;39;41;7;15;46;0
08/06/1994;1994023;37;28;12;19;46;0
04/06/1994;1994022;45;9;26;6;13;0
04/06/1994;1994022;26;13;46;11;47;0
01/06/1994;1994022;20;48;7;6;24;0
01/06/1994;1994022;11;29;23;28;42;0
28/05/1994;1994021;49;29;19;41;6;0
28/05/1994;1994021;32;16;35;31;1;0
25/05/1994;1994021;28;10;27;26;46;0
25/05/1994;1994021;27;43;36;35;3;0
21/05/1994;1994020;15;25;2;11;19;0
21/05/1994;1994020;21;37;47;8;41;0
18/05/1994;1994020;10;9;25;33;12;0
18/05/1994;1994020;13;42;6;3;41;0
14/05/1994;1994019;12;36;26;21;11;0
14/05/1994;1994019;21;17;15;5;13;0
11/05/1994;1994019;11;38;19;3;31;0
11/05/1994;1994019;43;37;13;8;45;0
07/05/1994;1994018;9;36;10;1;33;0
07/05/1994;1994018;49;40;28;17;32;0
04/05/1994;1994018;6;2;26;8;20;0
04/05/1994;1994018;16;42;9;45;28;0
30/04/1994;1994017;33;32;36;21;27;0
30/04/1994;1994017;49;30;47;3;27;0
27/04/1994;1994017;1;39;23;11;44;0
27/04/1994;1994017;26;4;24;5;48;0
23/04/1994;1994016;33;45;1;20;34;0
23/04/1994;1994016;39;17;28;46;38;0
20/04/1994;1994016;10;33;12;34;4;0
20/04/1994;1994016;30;12;48;34;4;0
16/04/1994;1994015;6;13;35;43;31;0
16/04/1994;1994015;17;21;19;16;7;0
13/04/1994;1994015;26;5;32;2;6;0
13/04/1994;1994015;26;4;11;21;43;0
09/04/1994;1994014;25;7;4;48;6;0
09/04/1994;1994014;39;29;23;13;12;0
06/04/1994;1994014;12;17;32;1;7;0
06/04/1994;1994014;28;36;16;31;29;0
02/04/1994;1994013;1;36;46;13;43;0
02/04/1994;1994013;3;45;31;15;32;0
30/03/1994;1994013;4;36;15;11;13;0
30/03/1994;1994013;13;43;42;45;44;0
26/03/1994;1994012;31;13;47;24;6;0
26/03/1994;1994012;47;27;17;6;34;0
23/03/1994;1994012;33;25;49;27;34;0
23/03/1994;1994012;45;2;40;16;22;0
19/03/1994;1994011;15;32;7;16;39;0
19/03/1994;1994011;49;1;19;18;47;0
16/03/1994;1994011;42;21;35;41;48;0
16/03/1994;1994011;42;1;32;47;41;0
12/03/1994;1994010;46;25;21;8;13;0
12/03/1994;1994010;44;47;5;35;20;0
09/03/1994;1994010;23;32;46;35;6;0
09/03/1994;1994010;32;39;38;43;44;0
05/03/1994;1994009;20;45;49;26;37;0
05/03/1994;1994009;7;20;26;39;28;0
02/03/1994;1994009;10;32;7;33;24;0
02/03/1994;1994009;38;19;37;44;9;0
26/02/1994;1994008;22;36;5;2;38;0
26/02/1994;1994008;44;41;15;33;45;0
23/02/1994;1994008;13;1;30;47;3;0
23/02/1994;1994008;39;22;38;10;36;0
19/02/1994;1994007;29;39;32;28;27;0
19/02/1994;1994007;38;12;43;31;24;0
16/02/1994;1994007;42;43;21;23;8;0
16/02/1994;1994007;49;14;25;15;19;0
12/02/1994;1994006;49;4;13;6;2;0
12/02/1994;1994006;7;11;17;30;1;0
09/02/1994;1994006;1;4;24;25;22;0
09/02/1994;1994006;34;24;41;3;18;0
05/02/1994;1994005;26;14;23;18;43;0
05/02/1994;1994005;19;43;6;5;1;0
02/02/1994;1994005;45;10;11;28;22;0
02/02/1994;1994005;23;4;36;19;29;0
29/01/1994;1994004;24;26;23;41;36;0
29/01/1994;1994004;43;3;14;11;6;0
26/01/1994;1994004;22;16;20;1;4;0
26/01/1994;1994004;15;39;6;16;29;0
22/01/1994;1994003;45;42;19;12;25;0
22/01/1994;1994003;42;30;25;35;10;0
19/01/1994;1994003;39;24;19;46;6;0
19/01/1994;1994003;18;13;35;19;45;0
15/01/1994;1994002;43;10;47;19;44;0
15/01/1994;1994002;29;3;5;13;8;0
12/01/1994;1994002;27;41;40;43;44;0
12/01/1994;1994002;12;13;14;35;36;0
08/01/1994;1994001;44;9;23;29;19;0
08/01/1994;1994001;27;43;32;24;48;0
05/01/1994;1994001;4;8;26;14;38;0
05/01/1994;1994001;27;32;26;6;39;0
01/01/1994;1993052;38;39;33;30;17;0
01/01/1994;1993052;25;11;22;2;28;0
29/12/1993;1993052;12;39;21;45;32;0
29/12/1993;1993052;7;27;6;38;33;0
25/12/1993;1993051;8;43;40;12;2;0
25/12/1993;1993051;10;49;27;33;36;0
22/12/1993;1993051;45;4;24;43;37;0
22/12/1993;1993051;15;32;12;21;2;0
18/12/1993;1993050;17;20;47;29;39;0
18/12/1993;1993050;49;23;6;24;17;0
15/12/1993;1993050;13;33;5;46;21;0
15/12/1993;1993050;23;1;37;34;42;0
11/12/1993;1993049;38;15;40;46;19;0
11/12/1993;1993049;35;43;40;27;32;0
08/12/1993;1993049;2;21;25;9;5;0
08/12/1993;1993049;14;44;3;11;40;0
04/12/1993;1993048;23;20;36;46;14;0
04/12/1993;1993048;19;8;2;27;21;0
01/12/1993;1993048;2;8;24;10;26;0
01/12/1993;1993048;19;12;13;41;40;0
27/11/1993;1993047;3;45;35;18;49;0
27/11/1993;1993047;49;43;41;7;38;0
24/11/1993;1993047;11;35;8;14;20;0
24/11/1993;1993047;24;22;40;25;42;0
20/11/1993;1993046;9;39;17;29;47;0
20/11/1993;1993046;33;2;4;36;3;0
17/11/1993;1993046;49;41;24;33;46;0
17/11/1993;1993046;23;7;9;27;26;0
13/11/1993;1993045;35;26;33;11;49;0
13/11/1993;1993045;6;4;20;39;31;0
10/11/1993;1993045;30;40;45;10;22;0
10/11/1993;1993045;40;45;35;21;5;0
06/11/1993;1993044;21;38;33;14;49;0
06/11/1993;1993044;49;6;18;44;40;0
03/11/1993;1993044;14;38;6;43;20;0
03/11/1993;1993044;46;19;24;3;48;0
30/10/1993;1993043;9;17;19;36;13;0
30/10/1993;1993043;42;38;11;10;14;0
27/10/1993;1993043;13;22;43;16;15;0
27/10/1993;1993043;2;33;14;1;34;0
23/10/1993;1993042;46;15;27;28;25;0
23/10/1993;1993042;6;13;35;24;20;0
20/10/1993;1993042;39;9;27;15;26;0
20/10/1993;1993042;18;49;14;23;38;0
16/10/1993;1993041;49;4;47;9;45;0
16/10/1993;1993041;18;39;29;9;7;0
13/10/1993;1993041;43;48;32;11;13;0
13/10/1993;1993041;18;29;4;15;42;0
09/10/1993;1993040;45;32;13;18;43;0
09/10/1993;1993040;31;44;2;41;49;0
06/10/1993;1993040;46;9;14;1;35;0
06/10/1993;1993040;30;46;3;7;39;0
02/10/1993;1993039;39;40;15;9;27;0
02/10/1993;1993039;43;10;29;1;27;0
29/09/1993;1993039;41;9;31;11;10;0
29/09/1993;1993039;5;47;39;44;23;0
25/09/1993;1993038;15;13;27;12;11;0
25/09/1993;1993038;5;44;45;7;17;0
22/09/1993;1993038;44;22;1;7;24;0
22/09/1993;1993038;4;10;7;38;11;0
18/09/1993;1993037;29;37;25;33;13;0
18/09/1993;1993037;49;36;18;17;32;0
15/09/1993;1993037;32;34;29;43;45;0
15/09/1993;1993037;30;35;9;44;19;0
11/09/1993;1993036;10;31;47;38;14;0
11/09/1993;1993036;14;32;36;11;7;0
08/09/1993;1993036;40;10;49;47;15;0
08/09/1993;1993036;1;42;22;23;43;0
04/09/1993;1993035;38;1;7;5;49;0
04/09/1993;1993035;47;36;46;32;37;0
01/09/1993;1993035;29;19;8;44;23;0
01/09/1993;1993035;1;38;12;7;14;0
28/08/1993;1993034;37;30;27;18;49;0
28/08/1993;1993034;21;3;47;35;17;0
25/08/1993;1993034;39;46;44;12;22;0
25/08/1993;1993034;15;17;3;1;2;0
21/08/1993;1993033;4;28;40;46;10;0
21/08/1993;1993033;9;7;44;48;20;0
18/08/1993;1993033;8;35;39;14;20;0
18/08/1993;1993033;12;49;45;30;24;0
14/08/1993;1993032;44;30;9;17;41;0
14/08/1993;1993032;27;47;20;31;8;0
11/08/1993;1993032;8;14;34;49;6;0
11/08/1993;1993032;9;46;10;26;18;0
07/08/1993;1993031;7;46;35;22;48;0
07/08/1993;1993031;27;48;17;4;20;0
04/08/1993;1993031;3;24;34;45;44;0
04/08/1993;1993031;44;21;4;8;45;0
31/07/1993;1993030;8;26;9;35;5;0
31/07/1993;1993030;3;4;26;19;43;0
28/07/1993;1993030;48;3;49;20;7;0
28/07/1993;1993030;31;25;8;19;44;0
24/07/1993;1993029;44;13;42;26;38;0
24/07/1993;1993029;23;42;45;30;33;0
21/07/1993;1993029;34;35;23;43;24;0
21/07/1993;1993029;20;49;9;40;32;0
17/07/1993;1993028;35;36;29;31;37;0
17/07/1993;1993028;10;23;34;40;48;0
14/07/1993;1993028;46;7;45;9;38;0
14/07/1993;1993028;43;12;9;2;10;0
10/07/1993;1993027;40;20;25;49;45;0
10/07/1993;1993027;45;32;4;8;3;0
07/07/1993;1993027;37;25;35;32;8;0
07/07/1993;1993027;37;34;28;36;48;0
03/07/1993;1993026;5;2;42;20;27;0
03/07/1993;1993026;15;47;42;11;13;0
30/06/1993;1993026;22;20;11;28;44;0
30/06/1993;1993026;34;14;11;36;26;0
26/06/1993;1993025;16;31;2;4;28;0
26/06/1993;1993025;22;24;21;47;40;0
23/06/1993;1993025;23;17;16;48;12;0
23/06/1993;1993025;6;40;32;13;38;0
19/06/1993;1993024;2;40;16;46;8;0
19/06/1993;1993024;39;42;22;37;9;0
16/06/1993;1993024;29;34;25;15;14;0
16/06/1993;1993024;14;31;27;45;35;0
12/06/1993;1993023;34;40;48;44;28;0
12/06/1993;1993023;10;47;33;39;42;0
09/06/1993;1993023;18;33;39;44;4;0
09/06/1993;1993023;6;47;11;34;42;0
05/06/1993;1993022;19;15;2;45;49;0
05/06/1993;1993022;3;30;9;46;19;0
02/06/1993;1993022;30;18;47;14;31;0
02/06/1993;1993022;37;6;5;1;46;0
29/05/1993;1993021;36;18;17;16;20;0
29/05/1993;1993021;33;39;1;42;8;0
26/05/1993;1993021;2;39;35;3;6;0
26/05/1993;1993021;23;3;16;47;35;0
22/05/1993;1993020;43;36;6;49;31;0
22/05/1993;1993020;28;6;22;19;20;0
19/05/1993;1993020;40;45;4;23;8;0
19/05/1993;1993020;2;27;12;43;28;0
15/05/1993;1993019;21;47;1;28;6;0
15/05/1993;1993019;21;39;22;6;44;0
12/05/1993;1993019;17;40;21;34;27;0
12/05/1993;1993019;11;16;49;22;21;0
08/05/1993;1993018;9;8;34;36;15;0
08/05/1993;1993018;1;31;20;30;11;0
05/05/1993;1993018;15;37;26;11;20;0
05/05/1993;1993018;6;40;46;27;21;0
01/05/1993;1993017;25;6;34;16;7;0
01/05/1993;1993017;29;45;15;7;33;0
28/04/1993;1993017;27;30;16;37;49;0
28/04/1993;1993017;47;45;43;4;27;0
24/04/1993;1993016;41;14;38;29;4;0
24/04/1993;1993016;1;27;10;22;13;0
21/04/1993;1993016;19;13;37;38;17;0
21/04/1993;1993016;36;45;25;12;42;0
17/04/1993;1993015;9;48;31;43;34;0
17/04/1993;1993015;39;30;23;14;16;0
14/04/1993;1993015;4;30;12;9;23;0
14/04/1993;1993015;35;4;15;30;46;0
10/04/1993;1993014;42;40;16;25;28;0
10/04/1993;1993014;47;39;45;12;37;0
07/04/1993;1993014;11;37;35;7;33;0
07/04/1993;1993014;28;15;23;7;19;0
03/04/1993;1993013;5;49;14;26;38;0
03/04/1993;1993013;23;40;36;5;32;0
31/03/1993;1993013;17;7;22;3;39;0
31/03/1993;1993013;13;44;22;40;11;0
27/03/1993;1993012;25;18;42;39;32;0
27/03/1993;1993012;19;10;40;3;22;0
24/03/1993;1993012;49;14;13;18;4;0
24/03/1993;1993012;19;27;30;17;12;0
20/03/1993;1993011;42;38;30;6;46;0
20/03/1993;1993011;8;25;49;21;5;0
17/03/1993;1993011;40;43;38;28;19;0
17/03/1993;1993011;8;41;2;14;11;0
13/03/1993;1993010;20;3;23;39;18;0
13/03/1993;1993010;3;33;15;43;47;0
10/03/1993;1993010;34;30;42;20;35;0
10/03/1993;1993010;31;12;49;23;43;0
06/03/1993;1993009;12;36;29;16;37;0
06/03/1993;1993009;7;26;47;27;16;0
03/03/1993;1993009;36;30;32;47;28;0
03/03/1993;1993009;11;2;37;25;18;0
27/02/1993;1993008;9;28;18;13;30;0
27/02/1993;1993008;19;7;25;20;4;0
24/02/1993;1993008;14;39;6;41;16;0
24/02/1993;1993008;27;44;23;32;31;0
20/02/1993;1993007;8;17;25;45;23;0
20/02/1993;1993007;10;6;48;42;8;0
17/02/1993;1993007;17;14;32;33;16;0
17/02/1993;1993007;44;19;36;5;49;0
13/02/1993;1993006;25;48;15;20;47;0
13/02/1993;1993006;39;43;12;34;8;0
10/02/1993;1993006;46;42;33;41;7;0
10/02/1993;1993006;24;31;18;39;20;0
06/02/1993;1993005;27;16;2;5;10;0
06/02/1993;1993005;14;40;45;48;5;0
03/02/1993;1993005;49;21;36;40;28;0
03/02/1993;1993005;33;40;3;1;6;0
30/01/1993;1993004;26;29;43;7;34;0
30/01/1993;1993004;26;38;49;48;7;0
27/01/1993;1993004;3;11;21;48;16;0
27/01/1993;1993004;48;2;17;13;31;0
23/01/1993;1993003;15;13;30;12;7;0
23/01/1993;1993003;49;43;28;41;5;0
20/01/1993;1993003;24;22;6;25;31;0
20/01/1993;1993003;23;11;47;49;30;0
16/01/1993;1993002;17;33;40;35;12;0
16/01/1993;1993002;3;36;13;44;42;0
13/01/1993;1993002;9;44;38;7;21;0
13/01/1993;1993002;27;5;29;34;16;0
09/01/1993;1993001;36;9;8;37;17;0
09/01/1993;1993001;31;16;40;22;14;0
06/01/1993;1993001;38;47;9;1;12;0
06/01/1993;1993001;43;35;26;31;3;0
02/01/1993;1992053;46;44;36;40;1;0
02/01/1993;1992053;40;7;22;1;38;0
30/12/1992;1992053;34;29;39;7;28;0
30/12/1992;1992053;11;1;18;25;24;0
26/12/1992;1992052;19;26;37;32;33;0
26/12/1992;1992052;18;49;29;23;8;0
23/12/1992;1992052;7;3;1;13;39;0
23/12/1992;1992052;39;35;36;17;25;0
19/12/1992;1992051;47;3;29;4;8;0
19/12/1992;1992051;10;3;2;29;26;0
16/12/1992;1992051;48;23;36;16;6;0
16/12/1992;1992051;2;46;47;43;10;0
12/12/1992;1992050;41;22;6;23;1;0
12/12/1992;1992050;28;2;7;20;46;0
09/12/1992;1992050;7;6;20;3;14;0
09/12/1992;1992050;49;6;3;48;22;0
05/12/1992;1992049;45;36;10;19;48;0
05/12/1992;1992049;47;28;14;33;31;0
02/12/1992;1992049;1;25;3;43;10;0
02/12/1992;1992049;3;9;6;28;44;0
28/11/1992;1992048;18;14;19;5;23;0
28/11/1992;1992048;8;4;41;9;26;0
25/11/1992;1992048;44;13;30;19;5;0
25/11/1992;1992048;3;30;23;41;19;0
21/11/1992;1992047;27;26;2;34;41;0
21/11/1992;1992047;21;44;39;6;11;0
18/11/1992;1992047;24;27;30;46;42;0
18/11/1992;1992047;48;28;23;40;44;0
14/11/1992;1992046;9;12;30;28;35;0
14/11/1992;1992046;44;35;14;10;30;0
11/11/1992;1992046;14;10;32;26;23;0
11/11/1992;1992046;47;46;24;17;28;0
07/11/1992;1992045;39;32;24;4;41;0
07/11/1992;1992045;35;36;17;28;47;0
04/11/1992;1992045;28;21;29;5;32;0
04/11/1992;1992045;47;40;24;48;5;0
31/10/1992;1992044;41;42;43;44;38;0
31/10/1992;1992044;48;30;8;37;27;0
28/10/1992;1992044;27;46;6;15;19;0
28/10/1992;1992044;35;18;40;7;6;0
24/10/1992;1992043;7;21;28;44;47;0
24/10/1992;1992043;20;12;4;2;27;0
21/10/1992;1992043;22;31;36;16;6;0
21/10/1992;1992043;26;19;1;23;18;0
17/10/1992;1992042;16;36;27;49;33;0
17/10/1992;1992042;41;45;23;42;20;0
14/10/1992;1992042;41;49;23;6;8;0
14/10/1992;1992042;24;34;6;29;45;0
10/10/1992;1992041;7;31;11;34;33;0
10/10/1992;1992041;2;43;35;17;28;0
07/10/1992;1992041;41;27;35;20;44;0
07/10/1992;1992041;34;17;48;28;41;0
03/10/1992;1992040;4;44;10;24;33;0
03/10/1992;1992040;36;29;7;23;20;0
30/09/1992;1992040;49;28;37;17;41;0
30/09/1992;1992040;23;49;45;31;11;0
26/09/1992;1992039;4;33;15;27;44;0
26/09/1992;1992039;45;12;24;7;26;0
23/09/1992;1992039;46;18;47;35;23;0
23/09/1992;1992039;47;19;4;29;48;0
19/09/1992;1992038;11;18;39;17;33;0
19/09/1992;1992038;40;37;10;31;12;0
16/09/1992;1992038;36;21;24;23;44;0
16/09/1992;1992038;24;36;44;3;23;0
12/09/1992;1992037;23;42;47;8;41;0
12/09/1992;1992037;17;29;32;4;16;0
09/09/1992;1992037;28;22;27;49;19;0
09/09/1992;1992037;12;13;18;1;20;0
05/09/1992;1992036;9;26;37;41;44;0
05/09/1992;1992036;1;6;31;32;46;0
02/09/1992;1992036;26;12;1;22;40;0
02/09/1992;1992036;48;1;45;33;30;0
29/08/1992;1992035;12;38;45;11;6;0
29/08/1992;1992035;8;26;13;44;17;0
26/08/1992;1992035;18;1;8;9;3;0
26/08/1992;1992035;28;23;2;27;35;0
22/08/1992;1992034;3;40;35;14;26;0
22/08/1992;1992034;49;48;11;30;7;0
19/08/1992;1992034;8;26;45;31;6;0
19/08/1992;1992034;5;6;37;41;33;0
15/08/1992;1992033;32;38;9;26;35;0
15/08/1992;1992033;5;17;40;20;37;0
12/08/1992;1992033;24;43;11;16;48;0
12/08/1992;1992033;14;16;11;44;7;0
08/08/1992;1992032;17;6;35;36;1;0
08/08/1992;1992032;49;6;47;34;23;0
05/08/1992;1992032;31;10;47;36;34;0
05/08/1992;1992032;8;10;30;2;22;0
01/08/1992;1992031;17;25;41;7;27;0
01/08/1992;1992031;39;11;12;42;4;0
29/07/1992;1992031;43;1;34;47;42;0
29/07/1992;1992031;34;15;37;7;35;0
25/07/1992;1992030;33;46;18;13;39;0
25/07/1992;1992030;25;15;32;43;22;0
22/07/1992;1992030;17;11;27;26;36;0
22/07/1992;1992030;36;40;37;16;1;0
18/07/1992;1992029;7;22;2;46;15;0
18/07/1992;1992029;36;12;28;11;41;0
15/07/1992;1992029;43;15;33;3;32;0
15/07/1992;1992029;43;36;8;17;7;0
11/07/1992;1992028;42;45;23;32;12;0
11/07/1992;1992028;46;28;2;25;45;0
08/07/1992;1992028;14;29;34;13;4;0
08/07/1992;1992028;1;31;13;44;40;0
04/07/1992;1992027;22;43;31;18;4;0
04/07/1992;1992027;39;46;8;17;10;0
01/07/1992;1992027;41;29;35;48;7;0
01/07/1992;1992027;44;42;29;48;5;0
27/06/1992;1992026;48;15;22;47;11;0
27/06/1992;1992026;5;20;8;46;7;0
24/06/1992;1992026;41;2;26;12;11;0
24/06/1992;1992026;14;10;20;41;31;0
20/06/1992;1992025;11;23;6;35;17;0
20/06/1992;1992025;8;23;40;10;19;0
17/06/1992;1992025;43;30;5;36;24;0
17/06/1992;1992025;7;6;40;25;45;0
13/06/1992;1992024;8;23;6;11;27;0
13/06/1992;1992024;45;11;12;9;23;0
10/06/1992;1992024;32;4;8;29;10;0
10/06/1992;1992024;4;30;23;18;48;0
06/06/1992;1992023;4;19;3;16;48;0
06/06/1992;1992023;14;45;5;12;29;0
03/06/1992;1992023;5;17;44;24;2;0
03/06/1992;1992023;38;20;41;2;35;0
30/05/1992;1992022;9;26;34;27;39;0
30/05/1992;1992022;4;28;46;34;10;0
27/05/1992;1992022;34;38;11;17;27;0
27/05/1992;1992022;4;1;48;26;25;0
23/05/1992;1992021;1;44;5;11;43;0
23/05/1992;1992021;31;7;33;32;13;0
20/05/1992;1992021;1;18;33;25;47;0
20/05/1992;1992021;43;41;29;36;49;0
16/05/1992;1992020;41;11;14;24;46;0
16/05/1992;1992020;24;5;6;27;19;0
13/05/1992;1992020;9;18;14;42;48;0
13/05/1992;1992020;45;12;17;35;24;0
09/05/1992;1992019;20;26;34;30;42;0
09/05/1992;1992019;42;30;47;29;10;0
06/05/1992;1992019;23;38;18;36;21;0
06/05/1992;1992019;41;24;14;32;22;0
02/05/1992;1992018;33;5;11;47;26;0
02/05/1992;1992018;41;19;28;29;12;0
29/04/1992;1992018;25;45;16;20;39;0
29/04/1992;1992018;1;31;17;20;10;0
25/04/1992;1992017;33;4;47;20;28;0
25/04/1992;1992017;31;23;7;42;34;0
22/04/1992;1992017;16;43;24;30;5;0
22/04/1992;1992017;28;41;35;18;24;0
18/04/1992;1992016;3;49;4;21;36;0
18/04/1992;1992016;35;11;45;36;41;0
15/04/1992;1992016;15;38;14;45;6;0
15/04/1992;1992016;9;42;31;19;18;0
11/04/1992;1992015;36;13;43;11;5;0
11/04/1992;1992015;33;17;10;20;44;0
08/04/1992;1992015;39;16;18;48;30;0
08/04/1992;1992015;35;11;38;33;25;0
04/04/1992;1992014;36;16;6;35;32;0
04/04/1992;1992014;27;26;17;39;36;0
01/04/1992;1992014;7;42;37;47;25;0
01/04/1992;1992014;42;43;12;28;30;0
28/03/1992;1992013;36;21;23;6;47;0
28/03/1992;1992013;37;6;29;9;25;0
25/03/1992;1992013;21;13;30;39;43;0
25/03/1992;1992013;13;48;28;7;10;0
21/03/1992;1992012;18;4;8;37;10;0
21/03/1992;1992012;18;49;43;34;16;0
18/03/1992;1992012;30;20;1;46;6;0
18/03/1992;1992012;36;34;37;41;11;0
14/03/1992;1992011;7;8;1;4;23;0
14/03/1992;1992011;29;30;40;17;22;0
11/03/1992;1992011;22;10;29;16;27;0
11/03/1992;1992011;9;2;43;4;21;0
07/03/1992;1992010;48;11;24;32;23;0
07/03/1992;1992010;33;45;11;44;35;0
04/03/1992;1992010;30;15;35;1;46;0
04/03/1992;1992010;19;4;7;34;38;0
29/02/1992;1992009;32;41;37;38;30;0
29/02/1992;1992009;47;6;25;28;38;0
26/02/1992;1992009;43;47;26;8;14;0
26/02/1992;1992009;22;42;12;44;4;0
22/02/1992;1992008;38;45;31;17;5;0
22/02/1992;1992008;1;29;35;13;43;0
19/02/1992;1992008;28;38;47;40;45;0
19/02/1992;1992008;41;8;9;14;24;0
15/02/1992;1992007;44;47;24;42;37;0
15/02/1992;1992007;36;7;44;31;9;0
12/02/1992;1992007;25;5;12;10;9;0
12/02/1992;1992007;30;24;25;42;47;0
08/02/1992;1992006;3;9;34;1;18;0
08/02/1992;1992006;24;25;29;34;39;0
05/02/1992;1992006;25;43;22;49;48;0
05/02/1992;1992006;37;38;29;24;26;0
01/02/1992;1992005;20;19;3;42;18;0
01/02/1992;1992005;17;23;9;35;39;0
29/01/1992;1992005;5;43;48;23;25;0
29/01/1992;1992005;41;37;29;6;33;0
25/01/1992;1992004;10;27;8;6;39;0
25/01/1992;1992004;45;38;27;29;3;0
22/01/1992;1992004;41;4;7;23;39;0
22/01/1992;1992004;36;10;16;26;17;0
18/01/1992;1992003;31;27;16;46;1;0
18/01/1992;1992003;25;7;18;24;27;0
15/01/1992;1992003;32;24;28;29;46;0
15/01/1992;1992003;2;32;20;1;22;0
11/01/1992;1992002;23;21;8;47;27;0
11/01/1992;1992002;4;44;14;37;2;0
08/01/1992;1992002;48;40;21;31;17;0
08/01/1992;1992002;5;7;11;47;25;0
04/01/1992;1992001;44;13;42;33;37;0
04/01/1992;1992001;31;16;9;23;20;0
01/01/1992;1992001;28;42;35;1;13;0
01/01/1992;1992001;4;37;20;25;26;0
28/12/1991;1991052;18;35;8;44;3;0
28/12/1991;1991052;17;1;28;33;45;0
25/12/1991;1991052;24;25;27;28;49;0
25/12/1991;1991052;15;25;3;26;22;0
21/12/1991;1991051;18;28;3;7;34;0
21/12/1991;1991051;2;29;18;39;41;0
18/12/1991;1991051;49;12;14;36;40;0
18/12/1991;1991051;35;32;47;2;9;0
14/12/1991;1991050;15;23;2;33;24;0
14/12/1991;1991050;35;33;9;23;19;0
11/12/1991;1991050;8;22;40;9;38;0
11/12/1991;1991050;47;39;11;43;4;0
07/12/1991;1991049;44;30;12;40;10;0
07/12/1991;1991049;37;16;7;8;31;0
04/12/1991;1991049;35;48;36;23;39;0
04/12/1991;1991049;7;43;34;47;33;0
30/11/1991;1991048;5;12;17;27;21;0
30/11/1991;1991048;30;2;25;32;1;0
27/11/1991;1991048;45;10;13;48;34;0
27/11/1991;1991048;9;33;38;16;45;0
23/11/1991;1991047;31;7;13;32;23;0
23/11/1991;1991047;49;45;15;42;36;0
20/11/1991;1991047;46;10;12;49;3;0
20/11/1991;1991047;42;35;20;24;18;0
16/11/1991;1991046;40;28;35;34;27;0
16/11/1991;1991046;44;9;16;38;23;0
13/11/1991;1991046;42;49;14;34;12;0
13/11/1991;1991046;42;16;15;22;26;0
09/11/1991;1991045;20;4;42;1;40;0
09/11/1991;1991045;24;38;9;23;18;0
06/11/1991;1991045;9;2;24;48;18;0
06/11/1991;1991045;30;7;37;48;49;0
02/11/1991;1991044;49;40;36;16;41;0
02/11/1991;1991044;46;34;35;15;43;0
30/10/1991;1991044;8;27;46;10;6;0
30/10/1991;1991044;38;37;39;29;35;0
26/10/1991;1991043;45;33;14;1;16;0
26/10/1991;1991043;27;6;16;15;41;0
23/10/1991;1991043;23;10;35;12;5;0
23/10/1991;1991043;42;14;47;45;35;0
19/10/1991;1991042;24;20;28;12;1;0
19/10/1991;1991042;43;47;17;11;34;0
16/10/1991;1991042;13;41;30;1;36;0
16/10/1991;1991042;18;34;38;15;7;0
12/10/1991;1991041;6;44;1;25;26;0
12/10/1991;1991041;34;31;14;28;11;0
09/10/1991;1991041;2;7;47;26;30;0
09/10/1991;1991041;29;33;23;22;25;0
05/10/1991;1991040;12;40;31;28;26;0
05/10/1991;1991040;11;36;23;27;24;0
02/10/1991;1991040;40;45;16;18;43;0
02/10/1991;1991040;15;2;18;28;34;0
28/09/1991;1991039;13;27;4;6;39;0
28/09/1991;1991039;49;14;4;46;16;0
25/09/1991;1991039;8;48;45;44;26;0
25/09/1991;1991039;26;49;36;23;7;0
21/09/1991;1991038;21;14;17;10;44;0
21/09/1991;1991038;17;39;47;21;40;0
18/09/1991;1991038;17;16;1;30;2;0
18/09/1991;1991038;21;29;33;15;44;0
14/09/1991;1991037;34;24;16;5;45;0
14/09/1991;1991037;34;13;14;45;37;0
11/09/1991;1991037;31;36;26;43;49;0
11/09/1991;1991037;25;12;34;43;5;0
07/09/1991;1991036;4;11;38;28;49;0
07/09/1991;1991036;46;27;25;43;14;0
04/09/1991;1991036;9;25;10;35;12;0
04/09/1991;1991036;2;15;34;25;17;0
31/08/1991;1991035;7;43;19;49;44;0
31/08/1991;1991035;36;28;34;25;12;0
28/08/1991;1991035;42;8;40;13;19;0
28/08/1991;1991035;22;16;40;7;1;0
24/08/1991;1991034;36;5;43;28;45;0
24/08/1991;1991034;5;31;35;28;18;0
21/08/1991;1991034;38;33;11;37;20;0
21/08/1991;1991034;44;6;27;9;11;0
17/08/1991;1991033;49;4;30;28;48;0
17/08/1991;1991033;35;17;44;24;46;0
14/08/1991;1991033;19;12;49;36;34;0
14/08/1991;1991033;38;49;18;23;3;0
10/08/1991;1991032;31;44;26;39;18;0
10/08/1991;1991032;44;41;6;45;15;0
07/08/1991;1991032;3;1;16;39;13;0
07/08/1991;1991032;17;3;21;27;42;0
03/08/1991;1991031;6;36;23;16;20;0
03/08/1991;1991031;13;30;20;7;46;0
31/07/1991;1991031;19;49;32;4;26;0
31/07/1991;1991031;30;40;44;20;38;0
27/07/1991;1991030;42;18;14;4;20;0
27/07/1991;1991030;34;42;1;24;39;0
24/07/1991;1991030;9;45;38;22;26;0
24/07/1991;1991030;37;47;10;8;32;0
20/07/1991;1991029;10;39;24;36;15;0
20/07/1991;1991029;2;6;49;43;22;0
17/07/1991;1991029;21;8;19;10;28;0
17/07/1991;1991029;47;26;40;15;6;0
13/07/1991;1991028;34;32;42;13;29;0
13/07/1991;1991028;1;6;36;28;37;0
10/07/1991;1991028;19;49;45;27;44;0
10/07/1991;1991028;3;22;28;38;7;0
06/07/1991;1991027;35;9;6;29;7;0
06/07/1991;1991027;35;18;47;9;4;0
03/07/1991;1991027;26;22;29;45;36;0
03/07/1991;1991027;11;21;19;32;36;0
29/06/1991;1991026;35;31;24;47;9;0
29/06/1991;1991026;41;40;5;16;19;0
26/06/1991;1991026;4;14;10;22;9;0
26/06/1991;1991026;21;32;35;16;3;0
22/06/1991;1991025;44;10;35;5;24;0
22/06/1991;1991025;20;13;38;29;12;0
19/06/1991;1991025;24;37;49;32;46;0
19/06/1991;1991025;39;32;27;37;6;0
15/06/1991;1991024;39;8;3;30;22;0
15/06/1991;1991024;25;5;7;30;19;0
12/06/1991;1991024;41;13;30;1;9;0
12/06/1991;1991024;19;23;49;12;7;0
08/06/1991;1991023;7;31;30;42;13;0
08/06/1991;1991023;18;43;34;16;35;0
05/06/1991;1991023;9;39;19;15;37;0
05/06/1991;1991023;40;17;37;19;3;0
01/06/1991;1991022;23;27;5;8;43;0
01/06/1991;1991022;43;19;46;32;45;0
29/05/1991;1991022;36;3;12;1;8;0
29/05/1991;1991022;9;17;42;40;33;0
25/05/1991;1991021;9;8;45;11;44;0
25/05/1991;1991021;24;22;9;44;35;0
22/05/1991;1991021;27;18;48;42;4;0
22/05/1991;1991021;27;12;37;32;7;0
18/05/1991;1991020;18;39;30;38;12;0
18/05/1991;1991020;29;9;41;17;13;0
15/05/1991;1991020;21;6;44;47;46;0
15/05/1991;1991020;3;36;41;21;11;0
11/05/1991;1991019;10;14;1;20;17;0
11/05/1991;1991019;16;2;30;49;28;0
08/05/1991;1991019;3;36;21;19;15;0
08/05/1991;1991019;6;5;48;34;10;0
04/05/1991;1991018;21;49;24;9;6;0
04/05/1991;1991018;32;31;21;40;49;0
01/05/1991;1991018;34;2;10;5;40;0
01/05/1991;1991018;2;42;29;47;28;0
27/04/1991;1991017;3;34;36;48;37;0
27/04/1991;1991017;45;4;21;39;36;0
24/04/1991;1991017;5;7;21;32;44;0
24/04/1991;1991017;31;6;22;28;9;0
20/04/1991;1991016;44;32;28;43;46;0
20/04/1991;1991016;40;11;25;8;6;0
17/04/1991;1991016;8;49;30;6;15;0
17/04/1991;1991016;10;14;21;13;28;0
13/04/1991;1991015;40;2;18;46;10;0
13/04/1991;1991015;31;49;37;41;39;0
10/04/1991;1991015;49;13;4;14;12;0
10/04/1991;1991015;2;36;22;23;21;0
06/04/1991;1991014;1;33;41;39;8;0
06/04/1991;1991014;23;14;1;33;35;0
03/04/1991;1991014;30;21;14;13;3;0
03/04/1991;1991014;37;12;39;33;46;0
30/03/1991;1991013;12;29;33;31;10;0
30/03/1991;1991013;21;19;31;1;28;0
27/03/1991;1991013;38;27;34;48;14;0
27/03/1991;1991013;45;2;15;5;39;0
23/03/1991;1991012;15;22;33;9;40;0
23/03/1991;1991012;37;13;26;3;18;0
20/03/1991;1991012;31;1;7;45;35;0
20/03/1991;1991012;1;38;23;37;35;0
16/03/1991;1991011;7;22;40;11;23;0
16/03/1991;1991011;13;45;35;20;46;0
13/03/1991;1991011;36;4;42;26;31;0
13/03/1991;1991011;34;8;38;48;9;0
09/03/1991;1991010;16;18;3;45;6;0
09/03/1991;1991010;37;38;27;21;6;0
06/03/1991;1991010;21;38;24;32;42;0
06/03/1991;1991010;27;36;43;48;14;0
02/03/1991;1991009;41;49;30;4;12;0
02/03/1991;1991009;32;14;46;18;5;0
27/02/1991;1991009;48;9;25;17;31;0
27/02/1991;1991009;30;26;4;23;48;0
23/02/1991;1991008;10;44;28;6;1;0
23/02/1991;1991008;25;19;1;21;15;0
20/02/1991;1991008;10;32;24;3;18;0
20/02/1991;1991008;23;17;42;29;36;0
16/02/1991;1991007;44;4;20;19;10;0
16/02/1991;1991007;19;35;47;20;6;0
13/02/1991;1991007;8;42;11;44;13;0
13/02/1991;1991007;23;47;41;1;40;0
09/02/1991;1991006;7;41;47;19;40;0
09/02/1991;1991006;2;18;12;35;24;0
06/02/1991;1991006;6;12;39;16;11;0
06/02/1991;1991006;47;32;44;18;30;0
02/02/1991;1991005;38;4;26;23;48;0
02/02/1991;1991005;22;7;11;3;38;0
30/01/1991;1991005;5;14;34;38;46;0
30/01/1991;1991005;37;5;26;17;2;0
26/01/1991;1991004;40;2;19;3;32;0
26/01/1991;1991004;38;42;5;27;23;0
23/01/1991;1991004;41;16;33;3;20;0
23/01/1991;1991004;19;20;38;39;12;0
19/01/1991;1991003;28;20;12;4;27;0
19/01/1991;1991003;17;5;43;35;47;0
16/01/1991;1991003;43;9;38;4;7;0
16/01/1991;1991003;47;7;2;32;17;0
12/01/1991;1991002;21;29;3;49;27;0
12/01/1991;1991002;41;40;1;45;46;0
09/01/1991;1991002;6;11;43;32;29;0
09/01/1991;1991002;25;44;16;37;34;0
05/01/1991;1991001;36;15;13;26;19;0
05/01/1991;1991001;8;46;13;39;32;0
02/01/1991;1991001;6;4;8;45;11;0
02/01/1991;1991001;49;38;30;1;31;0
29/12/1990;1990052;29;32;15;28;14;0
29/12/1990;1990052;32;38;6;33;47;0
26/12/1990;1990052;33;1;9;41;3;0
26/12/1990;1990052;7;16;25;8;19;0
22/12/1990;1990051;7;45;17;5;31;0
22/12/1990;1990051;1;5;43;9;8;0
19/12/1990;1990051;33;41;49;3;2;0
19/12/1990;1990051;3;24;36;6;43;0
15/12/1990;1990050;19;48;3;37;17;0
15/12/1990;1990050;37;42;2;49;30;0
12/12/1990;1990050;12;7;5;13;47;0
12/12/1990;1990050;43;40;2;45;33;0
08/12/1990;1990049;22;9;27;6;24;0
08/12/1990;1990049;1;20;12;28;30;0
05/12/1990;1990049;24;32;2;23;46;0
05/12/1990;1990049;27;15;22;14;4;0
01/12/1990;1990048;17;20;7;32;16;0
01/12/1990;1990048;1;10;34;16;48;0
28/11/1990;1990048;45;43;26;49;46;0
28/11/1990;1990048;2;34;21;45;32;0
24/11/1990;1990047;17;16;33;3;5;0
24/11/1990;1990047;40;13;36;5;27;0
21/11/1990;1990047;30;49;13;44;45;0
21/11/1990;1990047;28;42;9;38;35;0
17/11/1990;1990046;26;18;29;49;21;0
17/11/1990;1990046;31;12;15;5;33;0
14/11/1990;1990046;40;30;47;23;43;0
14/11/1990;1990046;6;5;49;20;41;0
10/11/1990;1990045;33;8;45;27;5;0
10/11/1990;1990045;40;31;23;38;32;0
07/11/1990;1990045;1;36;44;21;38;0
07/11/1990;1990045;10;19;14;1;48;0
03/11/1990;1990044;47;38;34;30;19;0
03/11/1990;1990044;30;18;15;45;33;0
31/10/1990;1990044;30;36;15;34;1;0
31/10/1990;1990044;24;16;1;5;18;0
27/10/1990;1990043;8;24;14;5;39;0
27/10/1990;1990043;4;5;28;11;10;0
24/10/1990;1990043;6;29;10;17;40;0
24/10/1990;1990043;3;30;49;48;41;0
20/10/1990;1990042;22;37;15;4;35;0
20/10/1990;1990042;3;1;30;12;6;0
17/10/1990;1990042;26;29;19;30;49;0
17/10/1990;1990042;3;26;9;11;5;0
13/10/1990;1990041;34;1;41;23;22;0
13/10/1990;1990041;16;25;21;31;33;0
10/10/1990;1990041;43;11;17;39;38;0
10/10/1990;1990041;6;21;23;32;37;0
06/10/1990;1990040;44;24;31;25;4;0
06/10/1990;1990040;24;13;48;8;42;0
03/10/1990;1990040;9;14;24;5;2;0
03/10/1990;1990040;40;48;36;35;23;0
29/09/1990;1990039;4;6;33;13;8;0
29/09/1990;1990039;12;7;39;8;4;0
26/09/1990;1990039;46;22;38;7;42;0
26/09/1990;1990039;28;42;49;40;37;0
22/09/1990;1990038;5;40;39;21;47;0
22/09/1990;1990038;48;30;11;33;13;0
19/09/1990;1990038;6;48;5;3;34;0
19/09/1990;1990038;35;6;27;49;21;0
15/09/1990;1990037;41;2;6;37;48;0
15/09/1990;1990037;46;47;41;49;7;0
12/09/1990;1990037;16;22;9;49;47;0
12/09/1990;1990037;39;27;41;43;7;0
08/09/1990;1990036;10;3;38;20;7;0
05/09/1990;1990036;12;42;30;9;10;0
01/09/1990;1990035;23;2;15;5;43;0
29/08/1990;1990035;38;21;25;46;5;0
25/08/1990;1990034;19;31;1;18;24;0
22/08/1990;1990034;49;7;22;16;28;0
18/08/1990;1990033;31;21;38;37;26;0
15/08/1990;1990033;45;44;49;15;47;0
11/08/1990;1990032;43;20;17;21;26;0
08/08/1990;1990032;29;18;37;26;44;0
04/08/1990;1990031;24;6;19;22;25;0
01/08/1990;1990031;49;2;45;19;16;0
28/07/1990;1990030;37;31;33;14;29;0
25/07/1990;1990030;4;7;16;32;20;0
21/07/1990;1990029;30;19;1;21;41;0
18/07/1990;1990029;40;13;46;45;32;0
14/07/1990;1990028;13;28;6;33;30;0
11/07/1990;1990028;33;20;29;25;47;0
07/07/1990;1990027;30;18;46;49;32;0
04/07/1990;1990027;8;37;49;18;15;0
30/06/1990;1990026;34;3;37;24;17;0
27/06/1990;1990026;47;42;29;8;1;0
23/06/1990;1990025;37;38;31;39;48;0
20/06/1990;1990025;46;31;16;35;5;0
16/06/1990;1990024;43;41;31;29;15;0
13/06/1990;1990024;21;33;36;24;18;0
09/06/1990;1990023;40;18;39;15;43;0
06/06/1990;1990023;23;44;17;32;12;0
02/06/1990;1990022;19;26;32;13;28;0
30/05/1990;1990022;20;15;41;3;16;0
26/05/1990;1990021;37;27;2;19;6;0
23/05/1990;1990021;16;7;40;10;20;0
19/05/1990;1990020;19;32;34;45;26;0
16/05/1990;1990020;5;44;26;45;27;0
12/05/1990;1990019;25;24;7;49;4;0
09/05/1990;1990019;16;39;32;14;9;0
05/05/1990;1990018;20;24;30;36;32;0
02/05/1990;1990018;14;12;36;3;19;0
28/04/1990;1990017;11;40;3;29;23;0
25/04/1990;1990017;37;49;11;2;28;0
21/04/1990;1990016;28;36;8;40;21;0
18/04/1990;1990016;44;31;48;13;20;0
14/04/1990;1990015;46;22;27;20;5;0
11/04/1990;1990015;49;30;18;43;33;0
07/04/1990;1990014;19;13;11;32;20;0
04/04/1990;1990014;18;34;6;8;32;0
31/03/1990;1990013;45;43;20;16;25;0
28/03/1990;1990013;28;4;20;44;19;0
24/03/1990;1990012;8;23;22;35;24;0
21/03/1990;1990012;30;17;2;42;49;0
17/03/1990;1990011;39;22;19;15;44;0
14/03/1990;1990011;29;3;38;46;9;0
10/03/1990;1990010;24;1;23;19;15;0
07/03/1990;1990010;25;49;8;14;9;0
03/03/1990;1990009;39;2;10;3;38;0
28/02/1990;1990009;37;28;41;20;4;0
24/02/1990;1990008;13;25;6;24;4;0
21/02/1990;1990008;19;26;1;9;43;0
17/02/1990;1990007;37;46;23;48;24;0
14/02/1990;1990007;16;48;49;22;44;0
10/02/1990;1990006;29;36;10;18;15;0
07/02/1990;1990006;49;23;21;42;8;0
03/02/1990;1990005;11;44;31;36;45;0
31/01/1990;1990005;20;8;28;3;14;0
27/01/1990;1990004;43;15;28;35;13;0
24/01/1990;1990004;12;45;11;22;13;0
20/01/1990;1990003;22;20;9;26;34;0
17/01/1990;1990003;29;14;37;2;46;0
13/01/1990;1990002;2;34;42;40;28;0
10/01/1990;1990002;25;37;26;48;2;0
06/01/1990;1990001;42;21;20;24;28;0
03/01/1990;1990001;31;30;5;44;8;0
30/12/1989;1989052;24;8;13;6;42;0
27/12/1989;1989052;39;37;20;27;43;0
23/12/1989;1989051;19;29;32;4;7;0
20/12/1989;1989051;19;36;7;43;38;0
16/12/1989;1989050;45;29;20;14;8;0
13/12/1989;1989050;38;46;6;4;40;0
09/12/1989;1989049;46;43;25;16;8;0
06/12/1989;1989049;45;10;33;21;20;0
02/12/1989;1989048;49;18;11;2;46;0
29/11/1989;1989048;30;35;11;22;40;0
25/11/1989;1989047;31;15;49;46;3;0
22/11/1989;1989047;39;8;32;22;21;0
18/11/1989;1989046;37;8;14;40;15;0
15/11/1989;1989046;24;34;29;38;46;0
11/11/1989;1989045;44;49;11;17;42;0
08/11/1989;1989045;43;21;19;10;35;0
04/11/1989;1989044;10;23;29;37;47;0
01/11/1989;1989044;42;10;47;26;30;0
28/10/1989;1989043;11;16;5;33;25;0
25/10/1989;1989043;24;18;15;45;28;0
21/10/1989;1989042;32;30;1;38;43;0
18/10/1989;1989042;41;48;23;9;4;0
14/10/1989;1989041;33;48;28;32;23;0
11/10/1989;1989041;17;15;5;43;45;0
07/10/1989;1989040;3;7;13;35;46;0
04/10/1989;1989040;9;19;45;29;18;0
30/09/1989;1989039;16;23;43;24;27;0
27/09/1989;1989039;17;40;30;16;20;0
23/09/1989;1989038;9;36;42;11;27;0
20/09/1989;1989038;10;24;46;18;35;0
16/09/1989;1989037;26;45;46;7;25;0
13/09/1989;1989037;26;41;25;37;38;0
09/09/1989;1989036;38;42;23;36;11;0
06/09/1989;1989036;16;14;46;11;38;0
02/09/1989;1989035;40;36;34;39;22;0
30/08/1989;1989035;19;4;46;35;15;0
26/08/1989;1989034;18;16;31;21;38;0
23/08/1989;1989034;5;37;19;25;44;0
19/08/1989;1989033;11;5;46;22;1;0
16/08/1989;1989033;49;5;40;28;20;0
12/08/1989;1989032;26;37;8;20;19;0
09/08/1989;1989032;10;19;20;44;39;0
05/08/1989;1989031;23;39;44;40;38;0
02/08/1989;1989031;27;11;49;41;35;0
29/07/1989;1989030;17;7;18;24;45;0
26/07/1989;1989030;28;4;3;24;48;0
22/07/1989;1989029;34;9;44;42;15;0
19/07/1989;1989029;16;29;28;44;20;0
15/07/1989;1989028;4;18;30;19;37;0
12/07/1989;1989028;40;6;23;21;19;0
08/07/1989;1989027;21;19;38;11;23;0
05/07/1989;1989027;16;37;36;38;27;0
01/07/1989;1989026;37;45;4;43;38;0
28/06/1989;1989026;10;4;25;34;14;0
24/06/1989;1989025;14;30;34;38;33;0
21/06/1989;1989025;31;4;20;32;8;0
17/06/1989;1989024;17;33;28;21;49;0
14/06/1989;1989024;47;37;27;19;18;0
10/06/1989;1989023;43;18;4;45;12;0
07/06/1989;1989023;3;23;26;13;4;0
03/06/1989;1989022;36;33;47;14;26;0
31/05/1989;1989022;37;32;19;48;1;0
27/05/1989;1989021;5;24;45;18;34;0
24/05/1989;1989021;47;7;35;49;2;0
20/05/1989;1989020;17;32;36;31;16;0
17/05/1989;1989020;6;22;24;47;11;0
13/05/1989;1989019;14;1;34;4;8;0
10/05/1989;1989019;19;46;38;30;34;0
06/05/1989;1989018;36;10;46;41;24;0
03/05/1989;1989018;49;41;42;39;18;0
29/04/1989;1989017;34;12;5;46;33;0
26/04/1989;1989017;29;1;8;31;33;0
22/04/1989;1989016;36;22;6;48;41;0
19/04/1989;1989016;11;1;10;18;16;0
15/04/1989;1989015;36;29;34;10;13;0
12/04/1989;1989015;24;6;16;41;26;0
08/04/1989;1989014;30;18;42;2;24;0
05/04/1989;1989014;21;39;31;6;33;0
01/04/1989;1989013;24;44;1;17;38;0
29/03/1989;1989013;11;4;19;2;22;0
25/03/1989;1989012;17;16;45;37;25;0
22/03/1989;1989012;35;41;20;49;33;0
18/03/1989;1989011;3;31;22;13;42;0
15/03/1989;1989011;8;17;37;3;28;0
11/03/1989;1989010;19;26;30;20;45;0
08/03/1989;1989010;34;9;13;42;35;0
04/03/1989;1989009;18;49;29;13;31;0
01/03/1989;1989009;49;38;35;2;21;0
25/02/1989;1989008;36;35;22;16;37;0
22/02/1989;1989008;14;32;16;3;15;0
18/02/1989;1989007;4;26;27;32;18;0
15/02/1989;1989007;8;30;45;28;26;0
11/02/1989;1989006;3;33;9;25;8;0
08/02/1989;1989006;17;37;30;48;23;0
04/02/1989;1989005;40;21;18;22;46;0
01/02/1989;1989005;14;42;41;30;9;0
28/01/1989;1989004;43;1;5;48;24;0
25/01/1989;1989004;27;31;16;19;15;0
21/01/1989;1989003;17;36;32;42;33;0
18/01/1989;1989003;1;22;31;2;43;0
14/01/1989;1989002;22;39;49;25;10;0
11/01/1989;1989002;49;38;28;34;43;0
07/01/1989;1989001;24;3;12;1;42;0
04/01/1989;1989001;16;8;7;40;19;0
31/12/1988;1988052;40;46;42;30;33;0
28/12/1988;1988052;1;34;15;22;26;0
24/12/1988;1988051;40;43;13;22;23;0
21/12/1988;1988051;30;20;23;32;21;0
17/12/1988;1988050;41;2;39;8;7;0
14/12/1988;1988050;20;5;32;3;7;0
10/12/1988;1988049;47;19;25;31;40;0
07/12/1988;1988049;34;6;43;8;12;0
03/12/1988;1988048;2;38;21;31;11;0
30/11/1988;1988048;34;42;11;27;36;0
26/11/1988;1988047;6;5;8;34;45;0
23/11/1988;1988047;10;14;31;9;48;0
19/11/1988;1988046;36;25;2;3;5;0
16/11/1988;1988046;26;13;10;37;30;0
12/11/1988;1988045;1;8;20;48;45;0
09/11/1988;1988045;20;14;45;12;3;0
05/11/1988;1988044;7;26;41;33;49;0
02/11/1988;1988044;18;46;38;22;10;0
29/10/1988;1988043;11;4;9;8;32;0
26/10/1988;1988043;17;34;33;24;8;0
22/10/1988;1988042;12;16;41;8;21;0
19/10/1988;1988042;21;37;5;19;44;0
15/10/1988;1988041;21;19;48;24;1;0
12/10/1988;1988041;24;47;22;33;20;0
08/10/1988;1988040;28;25;29;35;43;0
05/10/1988;1988040;32;42;6;24;5;0
01/10/1988;1988039;4;31;46;49;16;0
28/09/1988;1988039;22;11;19;36;30;0
24/09/1988;1988038;5;40;49;26;33;0
21/09/1988;1988038;20;21;45;39;17;0
17/09/1988;1988037;39;16;48;36;32;0
14/09/1988;1988037;6;13;4;18;44;0
10/09/1988;1988036;23;16;15;9;12;0
07/09/1988;1988036;8;17;6;28;29;0
03/09/1988;1988035;25;42;36;14;1;0
31/08/1988;1988035;7;31;37;5;6;0
27/08/1988;1988034;24;40;14;18;2;0
24/08/1988;1988034;26;46;30;29;49;0
20/08/1988;1988033;20;15;23;25;47;0
17/08/1988;1988033;14;6;31;25;9;0
13/08/1988;1988032;28;10;32;23;1;0
10/08/1988;1988032;3;35;27;16;25;0
06/08/1988;1988031;1;44;24;46;38;0
03/08/1988;1988031;4;24;27;29;30;0
30/07/1988;1988030;35;46;16;33;31;0
27/07/1988;1988030;27;11;15;36;25;0
23/07/1988;1988029;38;11;23;49;25;0
20/07/1988;1988029;49;4;20;8;16;0
16/07/1988;1988028;33;41;18;35;45;0
13/07/1988;1988028;17;14;18;37;3;0
09/07/1988;1988027;42;36;39;7;27;0
06/07/1988;1988027;25;34;3;5;32;0
02/07/1988;1988026;45;19;2;9;31;0
29/06/1988;1988026;40;44;32;33;26;0
25/06/1988;1988025;36;20;39;17;6;0
22/06/1988;1988025;48;33;19;12;24;0
18/06/1988;1988024;38;10;36;2;26;0
15/06/1988;1988024;29;8;42;48;7;0
11/06/1988;1988023;40;41;7;22;36;0
08/06/1988;1988023;8;45;16;12;3;0
04/06/1988;1988022;26;23;25;47;15;0
01/06/1988;1988022;13;48;4;33;11;0
28/05/1988;1988021;49;20;16;24;37;0
25/05/1988;1988021;27;36;40;8;24;0
21/05/1988;1988020;19;46;14;38;21;0
18/05/1988;1988020;21;13;24;3;20;0
14/05/1988;1988019;46;23;10;33;30;0
11/05/1988;1988019;32;19;8;7;4;0
07/05/1988;1988018;26;15;24;6;27;0
04/05/1988;1988018;7;17;5;15;14;0
30/04/1988;1988017;32;14;4;19;9;0
27/04/1988;1988017;7;24;36;31;5;0
23/04/1988;1988016;49;39;47;16;12;0
20/04/1988;1988016;16;3;17;33;9;0
16/04/1988;1988015;13;17;43;5;29;0
13/04/1988;1988015;4;35;36;16;11;0
09/04/1988;1988014;43;17;47;8;38;0
06/04/1988;1988014;14;18;21;26;42;0
02/04/1988;1988013;27;16;1;48;22;0
30/03/1988;1988013;24;37;40;31;14;0
26/03/1988;1988012;16;7;6;40;28;0
23/03/1988;1988012;1;20;16;30;29;0
19/03/1988;1988011;15;23;45;17;43;0
16/03/1988;1988011;28;5;18;35;16;0
12/03/1988;1988010;36;16;7;3;41;0
09/03/1988;1988010;14;5;31;46;43;0
05/03/1988;1988009;16;23;29;31;5;0
02/03/1988;1988009;28;49;21;20;19;0
27/02/1988;1988008;28;34;37;39;46;0
24/02/1988;1988008;4;26;32;9;35;0
20/02/1988;1988007;20;41;33;35;25;0
17/02/1988;1988007;11;48;45;36;34;0
13/02/1988;1988006;23;30;8;29;41;0
10/02/1988;1988006;36;10;47;32;45;0
06/02/1988;1988005;21;31;37;38;8;0
03/02/1988;1988005;47;11;41;3;29;0
30/01/1988;1988004;34;5;8;41;46;0
27/01/1988;1988004;47;1;23;38;18;0
23/01/1988;1988003;18;41;1;28;43;0
20/01/1988;1988003;11;32;26;29;49;0
16/01/1988;1988002;18;19;8;48;14;0
13/01/1988;1988002;23;10;39;27;18;0
09/01/1988;1988001;38;21;24;43;36;0
06/01/1988;1988001;40;16;45;22;44;0
02/01/1988;1987052;6;4;7;18;43;0
30/12/1987;1987052;11;17;1;25;19;0
26/12/1987;1987051;30;23;27;15;29;0
23/12/1987;1987051;44;23;14;43;3;0
19/12/1987;1987050;45;4;33;49;15;0
16/12/1987;1987050;32;12;40;27;36;0
12/12/1987;1987049;34;33;41;12;40;0
09/12/1987;1987049;37;3;8;23;24;0
05/12/1987;1987048;43;9;26;49;16;0
02/12/1987;1987048;26;4;44;21;3;0
28/11/1987;1987047;10;39;12;42;11;0
25/11/1987;1987047;3;10;29;49;25;0
21/11/1987;1987046;47;16;31;49;18;0
18/11/1987;1987046;44;42;38;48;8;0
14/11/1987;1987045;40;17;15;6;8;0
11/11/1987;1987045;47;26;35;46;13;0
07/11/1987;1987044;18;47;21;7;2;0
04/11/1987;1987044;11;33;38;46;13;0
31/10/1987;1987043;41;32;15;48;5;0
28/10/1987;1987043;20;34;15;44;38;0
24/10/1987;1987042;33;37;49;39;12;0
21/10/1987;1987042;14;31;18;45;13;0
17/10/1987;1987041;14;22;28;18;23;0
14/10/1987;1987041;40;46;21;13;12;0
10/10/1987;1987040;2;39;10;43;46;0
07/10/1987;1987040;21;4;39;15;23;0
03/10/1987;1987039;2;4;44;29;19;0
30/09/1987;1987039;36;2;34;38;22;0
26/09/1987;1987038;13;48;41;43;22;0
23/09/1987;1987038;19;3;11;46;12;0
19/09/1987;1987037;18;11;4;14;13;0
16/09/1987;1987037;44;12;16;40;43;0
12/09/1987;1987036;26;17;9;43;34;0
09/09/1987;1987036;18;23;33;44;19;0
05/09/1987;1987035;6;19;16;46;34;0
02/09/1987;1987035;18;24;47;1;20;0
29/08/1987;1987034;41;34;42;25;14;0
26/08/1987;1987034;16;43;8;42;6;0
22/08/1987;1987033;36;28;25;27;23;0
19/08/1987;1987033;4;25;36;29;2;0
15/08/1987;1987032;13;46;22;27;37;0
12/08/1987;1987032;24;20;49;48;13;0
08/08/1987;1987031;18;46;41;16;35;0
05/08/1987;1987031;43;22;2;1;15;0
01/08/1987;1987030;38;24;37;39;20;0
29/07/1987;1987030;16;26;6;15;49;0
25/07/1987;1987029;7;11;2;27;24;0
22/07/1987;1987029;24;6;9;16;8;0
18/07/1987;1987028;38;26;31;23;22;0
15/07/1987;1987028;26;20;25;47;8;0
11/07/1987;1987027;42;7;11;29;28;0
08/07/1987;1987027;7;12;48;25;5;0
04/07/1987;1987026;26;45;14;20;36;0
01/07/1987;1987026;7;6;25;46;13;0
27/06/1987;1987025;2;48;46;21;35;0
24/06/1987;1987025;27;43;39;35;12;0
20/06/1987;1987024;5;38;14;30;13;0
17/06/1987;1987024;13;34;7;29;15;0
13/06/1987;1987023;31;15;25;26;38;0
10/06/1987;1987023;48;1;23;32;39;0
06/06/1987;1987022;17;6;40;16;4;0
03/06/1987;1987022;33;47;27;20;45;0
30/05/1987;1987021;23;42;8;33;2;0
27/05/1987;1987021;33;38;7;49;17;0
23/05/1987;1987020;44;20;43;48;17;0
20/05/1987;1987020;31;30;48;39;7;0
16/05/1987;1987019;29;42;38;18;39;0
13/05/1987;1987019;28;38;44;7;40;0
09/05/1987;1987018;29;43;17;16;15;0
06/05/1987;1987018;18;34;8;2;28;0
02/05/1987;1987017;33;29;5;15;19;0
29/04/1987;1987017;13;30;1;47;21;0
25/04/1987;1987016;6;35;37;38;13;0
22/04/1987;1987016;1;32;7;27;31;0
18/04/1987;1987015;10;29;49;26;6;0
15/04/1987;1987015;5;29;41;42;6;0
11/04/1987;1987014;41;9;48;10;45;0
08/04/1987;1987014;43;7;14;13;48;0
04/04/1987;1987013;10;22;45;12;34;0
01/04/1987;1987013;2;32;48;26;44;0
28/03/1987;1987012;32;23;42;34;21;0
25/03/1987;1987012;30;23;43;20;44;0
21/03/1987;1987011;21;6;38;28;30;0
18/03/1987;1987011;15;35;8;3;34;0
14/03/1987;1987010;40;48;29;6;37;0
11/03/1987;1987010;42;13;44;10;24;0
07/03/1987;1987009;10;33;18;1;48;0
04/03/1987;1987009;2;39;27;34;48;0
28/02/1987;1987008;47;22;24;39;9;0
25/02/1987;1987008;28;39;11;43;6;0
21/02/1987;1987007;42;15;44;38;17;0
18/02/1987;1987007;7;35;3;48;31;0
14/02/1987;1987006;39;42;8;11;29;0
11/02/1987;1987006;46;44;40;21;25;0
07/02/1987;1987005;6;37;31;15;5;0
04/02/1987;1987005;42;11;45;22;35;0
31/01/1987;1987004;3;25;4;35;47;0
28/01/1987;1987004;22;37;41;19;44;0
24/01/1987;1987003;31;18;20;7;28;0
21/01/1987;1987003;20;37;3;26;36;0
17/01/1987;1987002;17;33;47;3;26;0
14/01/1987;1987002;37;14;26;25;39;0
10/01/1987;1987001;29;43;30;46;45;0
07/01/1987;1987001;36;39;20;33;16;0
03/01/1987;1986053;16;44;4;18;35;0
31/12/1986;1986053;38;47;44;39;9;0
27/12/1986;1986052;34;47;35;21;41;0
24/12/1986;1986052;38;49;46;13;11;0
20/12/1986;1986051;27;28;1;30;34;0
17/12/1986;1986051;2;23;31;14;38;0
13/12/1986;1986050;13;35;12;19;21;0
10/12/1986;1986050;15;8;11;14;16;0
06/12/1986;1986049;32;46;22;4;5;0
03/12/1986;1986049;17;30;2;32;45;0
29/11/1986;1986048;37;24;27;17;6;0
26/11/1986;1986048;41;43;30;26;31;0
22/11/1986;1986047;12;15;36;25;2;0
19/11/1986;1986047;23;25;3;2;15;0
15/11/1986;1986046;12;1;35;37;26;0
12/11/1986;1986046;21;6;22;46;33;0
08/11/1986;1986045;34;15;40;9;18;0
05/11/1986;1986045;29;48;3;26;45;0
01/11/1986;1986044;38;22;40;31;5;0
29/10/1986;1986044;16;31;14;36;11;0
25/10/1986;1986043;3;20;34;17;14;0
22/10/1986;1986043;5;44;30;28;27;0
18/10/1986;1986042;34;38;18;32;4;0
15/10/1986;1986042;16;4;7;26;17;0
11/10/1986;1986041;4;42;32;33;8;0
08/10/1986;1986041;8;16;26;9;31;0
04/10/1986;1986040;22;12;8;15;48;0
01/10/1986;1986040;24;25;3;7;15;0
27/09/1986;1986039;12;18;7;39;8;0
24/09/1986;1986039;8;44;38;30;34;0
20/09/1986;1986038;23;4;42;40;35;0
17/09/1986;1986038;31;13;32;7;49;0
13/09/1986;1986037;10;31;42;1;15;0
10/09/1986;1986037;47;33;9;43;35;0
06/09/1986;1986036;14;37;44;5;27;0
03/09/1986;1986036;19;35;11;13;20;0
30/08/1986;1986035;29;10;8;24;13;0
27/08/1986;1986035;19;39;48;15;28;0
23/08/1986;1986034;47;49;15;36;24;0
20/08/1986;1986034;18;17;46;44;40;0
16/08/1986;1986033;36;15;43;29;22;0
13/08/1986;1986033;21;4;25;24;45;0
09/08/1986;1986032;44;19;45;7;5;0
06/08/1986;1986032;22;29;24;34;43;0
02/08/1986;1986031;48;47;11;32;28;0
30/07/1986;1986031;36;47;44;16;15;0
26/07/1986;1986030;12;26;27;34;38;0
23/07/1986;1986030;16;25;35;22;2;0
19/07/1986;1986029;10;42;15;16;19;0
16/07/1986;1986029;21;46;36;32;38;0
12/07/1986;1986028;17;26;41;37;28;0
09/07/1986;1986028;43;11;36;27;22;0
05/07/1986;1986027;5;35;18;1;27;0
02/07/1986;1986027;29;16;7;35;32;0
28/06/1986;1986026;37;9;35;20;2;0
25/06/1986;1986026;14;35;43;45;7;0
21/06/1986;1986025;6;9;34;27;48;0
18/06/1986;1986025;38;22;23;48;39;0
14/06/1986;1986024;48;32;19;47;6;0
11/06/1986;1986024;22;6;44;11;43;0
07/06/1986;1986023;3;5;49;43;15;0
04/06/1986;1986023;22;49;29;35;46;0
31/05/1986;1986022;15;45;33;11;30;0
28/05/1986;1986022;3;2;21;16;49;0
24/05/1986;1986021;37;47;42;23;27;0
21/05/1986;1986021;24;18;38;22;31;0
17/05/1986;1986020;13;5;17;15;26;0
14/05/1986;1986020;39;20;37;32;38;0
10/05/1986;1986019;19;30;40;18;7;0
07/05/1986;1986019;2;6;3;27;44;0
03/05/1986;1986018;7;37;2;49;24;0
30/04/1986;1986018;49;7;45;13;36;0
26/04/1986;1986017;13;45;36;21;27;0
23/04/1986;1986017;12;25;17;46;32;0
19/04/1986;1986016;8;14;41;5;31;0
16/04/1986;1986016;14;26;20;2;49;0
12/04/1986;1986015;30;32;21;18;11;0
09/04/1986;1986015;10;47;39;27;41;0
05/04/1986;1986014;22;45;18;17;44;0
02/04/1986;1986014;39;11;31;49;4;0
29/03/1986;1986013;5;49;30;29;16;0
26/03/1986;1986013;6;35;9;33;32;0
22/03/1986;1986012;19;26;33;46;2;0
19/03/1986;1986012;18;19;44;30;22;0
15/03/1986;1986011;16;18;12;20;48;0
12/03/1986;1986011;9;46;13;19;37;0
08/03/1986;1986010;30;3;34;25;20;0
05/03/1986;1986010;5;30;25;22;10;0
01/03/1986;1986009;17;5;13;15;21;0
26/02/1986;1986009;49;22;47;10;38;0
22/02/1986;1986008;40;32;26;4;37;0
19/02/1986;1986008;48;15;11;33;2;0
15/02/1986;1986007;1;14;2;33;41;0
12/02/1986;1986007;37;25;9;8;12;0
08/02/1986;1986006;33;1;9;31;4;0
05/02/1986;1986006;38;43;3;6;26;0
01/02/1986;1986005;22;13;33;40;4;0
29/01/1986;1986005;12;41;4;6;47;0
25/01/1986;1986004;40;29;45;39;23;0
22/01/1986;1986004;49;6;28;25;7;0
18/01/1986;1986003;3;6;45;33;31;0
15/01/1986;1986003;27;6;13;46;10;0
11/01/1986;1986002;38;4;32;18;12;0
08/01/1986;1986002;42;29;10;27;44;0
04/01/1986;1986001;39;36;11;14;7;0
01/01/1986;1986001;27;12;49;16;8;0
28/12/1985;1985052;26;45;20;40;43;0
25/12/1985;1985052;10;12;14;1;44;0
21/12/1985;1985051;14;6;34;43;32;0
18/12/1985;1985051;23;34;35;29;15;0
14/12/1985;1985050;1;44;28;39;18;0
11/12/1985;1985050;34;45;13;11;18;0
07/12/1985;1985049;2;15;10;16;27;0
04/12/1985;1985049;25;8;45;18;19;0
30/11/1985;1985048;6;4;20;43;28;0
27/11/1985;1985048;39;36;25;24;26;0
23/11/1985;1985047;34;42;6;45;17;0
20/11/1985;1985047;2;36;13;34;25;0
16/11/1985;1985046;7;22;34;24;41;0
13/11/1985;1985046;28;36;34;13;31;0
09/11/1985;1985045;44;29;32;19;37;0
06/11/1985;1985045;23;26;13;32;14;0
02/11/1985;1985044;4;25;23;28;21;0
30/10/1985;1985044;42;38;2;18;32;0
26/10/1985;1985043;14;16;33;45;23;0
23/10/1985;1985043;37;10;27;35;12;0
19/10/1985;1985042;26;32;3;2;29;0
16/10/1985;1985042;26;12;19;6;30;0
12/10/1985;1985041;36;32;49;38;33;0
09/10/1985;1985041;1;13;7;14;22;0
05/10/1985;1985040;34;5;25;17;30;0
02/10/1985;1985040;14;30;45;9;27;0
28/09/1985;1985039;43;15;1;11;19;0
25/09/1985;1985039;42;43;46;11;44;0
21/09/1985;1985038;20;44;11;6;13;0
18/09/1985;1985038;29;35;10;40;18;0
14/09/1985;1985037;37;28;13;10;12;0
11/09/1985;1985037;47;24;23;4;19;0
07/09/1985;1985036;43;28;2;18;37;0
04/09/1985;1985036;37;24;25;13;2;0
31/08/1985;1985035;20;44;26;8;14;0
28/08/1985;1985035;8;12;20;41;24;0
24/08/1985;1985034;37;41;4;10;16;0
21/08/1985;1985034;23;46;33;38;5;0
17/08/1985;1985033;4;38;16;15;48;0
14/08/1985;1985033;46;9;33;30;7;0
10/08/1985;1985032;47;2;19;28;10;0
07/08/1985;1985032;16;21;12;20;40;0
03/08/1985;1985031;34;33;20;7;40;0
31/07/1985;1985031;42;26;11;1;48;0
27/07/1985;1985030;44;9;30;45;36;0
24/07/1985;1985030;49;14;37;7;17;0
20/07/1985;1985029;38;36;22;40;19;0
17/07/1985;1985029;2;37;43;7;5;0
13/07/1985;1985028;15;17;30;41;28;0
10/07/1985;1985028;42;49;36;23;18;0
06/07/1985;1985027;21;7;37;36;18;0
03/07/1985;1985027;23;10;6;36;45;0
29/06/1985;1985026;41;6;1;14;42;0
26/06/1985;1985026;11;36;6;31;23;0
22/06/1985;1985025;5;43;46;25;17;0
19/06/1985;1985025;11;45;7;22;34;0
15/06/1985;1985024;10;23;40;36;16;0
12/06/1985;1985024;9;19;29;30;14;0
08/06/1985;1985023;27;20;6;5;41;0
05/06/1985;1985023;25;42;45;19;12;0
01/06/1985;1985022;32;15;24;35;18;0
29/05/1985;1985022;28;1;20;17;34;0
25/05/1985;1985021;35;5;27;17;6;0
22/05/1985;1985021;25;26;13;37;24;0
18/05/1985;1985020;31;1;40;19;23;0
15/05/1985;1985020;23;45;33;1;37;0
11/05/1985;1985019;28;26;21;43;36;0
08/05/1985;1985019;19;18;30;24;37;0
04/05/1985;1985018;33;46;34;2;18;0
01/05/1985;1985018;7;36;6;24;16;0
27/04/1985;1985017;12;37;16;34;18;0
24/04/1985;1985017;45;37;9;20;48;0
20/04/1985;1985016;40;5;22;41;14;0
17/04/1985;1985016;45;39;25;21;6;0
13/04/1985;1985015;36;8;25;26;12;0
10/04/1985;1985015;47;4;3;14;42;0
06/04/1985;1985014;35;45;40;34;28;0
03/04/1985;1985014;8;19;27;42;29;0
30/03/1985;1985013;32;44;30;40;4;0
27/03/1985;1985013;30;10;47;29;1;0
23/03/1985;1985012;37;17;16;18;11;0
20/03/1985;1985012;41;37;33;14;9;0
16/03/1985;1985011;3;25;33;20;43;0
13/03/1985;1985011;4;14;41;40;18;0
09/03/1985;1985010;35;3;14;28;9;0
06/03/1985;1985010;26;30;39;27;12;0
02/03/1985;1985009;24;10;18;36;8;0
27/02/1985;1985009;29;8;28;37;49;0
23/02/1985;1985008;24;21;23;3;38;0
20/02/1985;1985008;24;30;39;1;8;0
16/02/1985;1985007;48;30;32;36;1;0
13/02/1985;1985007;20;22;17;1;15;0
09/02/1985;1985006;41;35;9;46;1;0
06/02/1985;1985006;36;37;26;25;48;0
02/02/1985;1985005;25;38;40;48;37;0
30/01/1985;1985005;4;45;30;26;16;0
26/01/1985;1985004;9;3;32;46;18;0
23/01/1985;1985004;39;31;13;37;6;0
19/01/1985;1985003;47;43;27;22;16;0
16/01/1985;1985003;1;44;38;39;2;0
12/01/1985;1985002;46;4;32;33;34;0
09/01/1985;1985002;21;2;1;33;46;0
05/01/1985;1985001;29;8;31;33;10;0
02/01/1985;1985001;6;40;22;15;34;0
29/12/1984;1984052;36;29;38;41;4;0
26/12/1984;1984052;45;31;33;38;3;0
22/12/1984;1984051;20;44;3;40;24;0
19/12/1984;1984051;13;24;7;29;5;0
15/12/1984;1984050;28;44;30;5;15;0
12/12/1984;1984050;2;22;5;15;16;0
08/12/1984;1984049;48;20;4;2;22;0
05/12/1984;1984049;35;23;47;17;36;0
01/12/1984;1984048;11;48;18;22;10;0
28/11/1984;1984048;6;8;27;11;22;0
24/11/1984;1984047;15;21;35;32;39;0
21/11/1984;1984047;23;25;46;12;49;0
17/11/1984;1984046;8;24;46;15;45;0
14/11/1984;1984046;39;16;43;5;40;0
10/11/1984;1984045;13;40;12;5;31;0
07/11/1984;1984045;42;39;38;30;34;0
03/11/1984;1984044;21;12;49;26;30;0
31/10/1984;1984044;18;30;44;19;46;0
27/10/1984;1984043;19;7;45;38;18;0
24/10/1984;1984043;27;3;44;8;48;0
20/10/1984;1984042;46;48;2;34;26;0
17/10/1984;1984042;45;38;20;8;19;0
13/10/1984;1984041;46;48;37;11;25;0
10/10/1984;1984041;17;14;36;6;30;0
06/10/1984;1984040;24;12;9;21;41;0
03/10/1984;1984040;29;1;40;42;36;0
29/09/1984;1984039;21;14;1;5;32;0
26/09/1984;1984039;30;9;40;17;45;0
22/09/1984;1984038;26;11;33;20;2;0
19/09/1984;1984038;37;36;26;35;27;0
15/09/1984;1984037;27;38;9;34;6;0
12/09/1984;1984037;3;32;8;27;29;0
08/09/1984;1984036;14;7;39;1;21;0
05/09/1984;1984036;11;21;28;35;1;0
01/09/1984;1984035;23;7;10;38;26;0
29/08/1984;1984035;47;38;21;15;49;0
25/08/1984;1984034;12;36;2;41;17;0
22/08/1984;1984034;47;36;41;24;14;0
18/08/1984;1984033;33;48;49;6;29;0
15/08/1984;1984033;15;38;41;35;20;0
11/08/1984;1984032;10;48;39;15;34;0
08/08/1984;1984032;33;48;20;42;40;0
04/08/1984;1984031;3;32;27;29;1;0
01/08/1984;1984031;3;39;28;14;5;0
28/07/1984;1984030;18;14;7;40;25;0
25/07/1984;1984030;15;7;28;25;35;0
21/07/1984;1984029;14;25;22;46;44;0
18/07/1984;1984029;17;46;1;24;40;0
14/07/1984;1984028;5;32;40;15;34;0
11/07/1984;1984028;29;25;46;4;34;0
07/07/1984;1984027;23;36;34;6;12;0
04/07/1984;1984027;15;29;46;37;33;0
30/06/1984;1984026;32;33;47;14;16;0
27/06/1984;1984026;25;5;34;33;46;0
23/06/1984;1984025;37;32;24;31;3;0
20/06/1984;1984025;12;18;47;40;21;0
16/06/1984;1984024;32;19;3;21;42;0
13/06/1984;1984024;23;30;49;25;21;0
09/06/1984;1984023;15;32;42;27;8;0
06/06/1984;1984023;39;21;13;30;38;0
02/06/1984;1984022;6;48;49;1;12;0
30/05/1984;1984022;45;49;41;40;21;0
26/05/1984;1984021;22;16;35;4;5;0
23/05/1984;1984021;13;18;43;36;28;0
19/05/1984;1984020;30;10;2;19;20;0
16/05/1984;1984020;17;16;49;18;23;0
12/05/1984;1984019;26;39;1;42;23;0
09/05/1984;1984019;23;7;12;47;22;0
05/05/1984;1984018;27;48;42;18;21;0
02/05/1984;1984018;25;15;22;31;16;0
28/04/1984;1984017;34;15;49;22;28;0
25/04/1984;1984017;30;49;45;41;16;0
21/04/1984;1984016;26;39;3;38;5;0
18/04/1984;1984016;31;9;14;39;42;0
14/04/1984;1984015;26;13;43;30;46;0
11/04/1984;1984015;10;12;16;27;18;0
07/04/1984;1984014;6;17;30;40;19;0
04/04/1984;1984014;42;20;34;29;46;0
31/03/1984;1984013;13;39;10;40;25;0
28/03/1984;1984013;46;36;22;23;38;0
24/03/1984;1984012;30;29;41;2;26;0
21/03/1984;1984012;49;6;38;29;23;0
17/03/1984;1984011;8;13;25;2;16;0
14/03/1984;1984011;47;18;24;6;10;0
10/03/1984;1984010;7;43;14;18;34;0
07/03/1984;1984010;38;29;32;10;1;0
29/02/1984;1984009;19;34;44;13;39;0
22/02/1984;1984008;9;3;42;39;38;0
15/02/1984;1984007;36;39;16;35;8;0
08/02/1984;1984006;19;34;24;29;38;0
01/02/1984;1984005;18;45;31;15;41;0
25/01/1984;1984004;7;42;47;22;12;0
18/01/1984;1984003;6;8;30;1;7;0
11/01/1984;1984002;20;45;5;29;31;0
04/01/1984;1984001;22;27;2;28;37;0
28/12/1983;1983052;33;35;40;20;5;0
21/12/1983;1983051;27;42;4;20;7;0
14/12/1983;1983050;43;34;23;10;48;0
07/12/1983;1983049;43;27;47;16;44;0
30/11/1983;1983048;7;22;13;21;44;0
23/11/1983;1983047;3;31;41;21;47;0
16/11/1983;1983046;41;37;42;27;17;0
09/11/1983;1983045;37;46;19;49;26;0
03/11/1983;1983044;20;33;49;5;24;0
26/10/1983;1983043;8;21;33;31;18;0
19/10/1983;1983042;5;11;47;44;8;0
12/10/1983;1983041;19;20;40;13;34;0
05/10/1983;1983040;6;47;1;23;2;0
28/09/1983;1983039;49;12;33;19;24;0
21/09/1983;1983038;27;12;8;39;25;0
14/09/1983;1983037;15;44;33;27;11;0
07/09/1983;1983036;5;42;38;31;11;0
31/08/1983;1983035;43;29;9;49;45;0
24/08/1983;1983034;43;46;4;18;49;0
18/08/1983;1983033;23;37;21;44;4;0
10/08/1983;1983032;44;29;3;24;13;0
03/08/1983;1983031;16;45;7;19;11;0
27/07/1983;1983030;37;9;17;18;14;0
20/07/1983;1983029;18;40;28;31;48;0
13/07/1983;1983028;15;14;28;30;48;0
06/07/1983;1983027;26;38;46;35;49;0
29/06/1983;1983026;21;48;37;10;43;0
22/06/1983;1983025;29;14;39;5;21;0
15/06/1983;1983024;10;20;30;17;34;0
08/06/1983;1983023;20;9;6;7;37;0
01/06/1983;1983022;18;40;9;14;21;0
26/05/1983;1983021;32;8;6;11;35;0
18/05/1983;1983020;1;30;49;9;32;0
11/05/1983;1983019;48;12;41;22;44;0
04/05/1983;1983018;24;21;40;43;5;0
27/04/1983;1983017;10;8;21;16;5;0
20/04/1983;1983016;26;31;40;33;10;0
13/04/1983;1983015;49;36;42;15;22;0
07/04/1983;1983014;33;44;6;29;24;0
30/03/1983;1983013;26;2;35;21;19;0
23/03/1983;1983012;26;11;32;34;22;0
16/03/1983;1983011;23;9;36;5;43;0
09/03/1983;1983010;28;22;12;24;38;0
02/03/1983;1983009;33;22;26;34;45;0
23/02/1983;1983008;4;8;32;30;42;0
16/02/1983;1983007;40;33;14;30;12;0
09/02/1983;1983006;23;29;6;34;12;0
02/02/1983;1983005;12;5;37;22;31;0
26/01/1983;1983004;34;20;5;8;2;0
19/01/1983;1983003;39;14;2;49;48;0
12/01/1983;1983002;42;29;18;45;15;0
05/01/1983;1983001;16;21;31;48;1;0
29/12/1982;1982052;49;25;8;32;31;0
22/12/1982;1982051;46;44;10;7;48;0
15/12/1982;1982050;49;26;4;6;40;0
08/12/1982;1982049;30;35;19;28;47;0
01/12/1982;1982048;31;32;36;9;26;0
24/11/1982;1982047;30;3;33;23;10;0
17/11/1982;1982046;22;16;45;49;48;0
10/11/1982;1982045;32;30;7;8;22;0
04/11/1982;1982044;15;10;21;22;42;0
27/10/1982;1982043;25;30;38;39;40;0
20/10/1982;1982042;27;49;44;11;14;0
13/10/1982;1982041;40;31;38;49;37;0
06/10/1982;1982040;17;28;13;6;45;0
29/09/1982;1982039;14;16;23;2;32;0
22/09/1982;1982038;21;37;40;34;45;0
15/09/1982;1982037;29;40;36;48;27;0
08/09/1982;1982036;30;9;48;37;35;0
01/09/1982;1982035;12;42;14;2;10;0
25/08/1982;1982034;18;40;29;44;15;0
18/08/1982;1982033;15;49;30;35;31;0
11/08/1982;1982032;32;44;35;47;16;0
04/08/1982;1982031;20;5;28;40;25;0
28/07/1982;1982030;28;1;32;7;24;0
21/07/1982;1982029;4;24;40;49;11;0
15/07/1982;1982028;19;6;24;45;23;0
07/07/1982;1982027;12;41;29;17;39;0
30/06/1982;1982026;35;14;34;31;39;0
23/06/1982;1982025;10;15;37;25;49;0
16/06/1982;1982024;35;48;46;20;17;0
09/06/1982;1982023;15;39;28;6;11;0
03/06/1982;1982022;45;32;44;35;24;0
26/05/1982;1982021;35;40;24;38;4;0
19/05/1982;1982020;24;14;2;9;12;0
12/05/1982;1982019;22;12;5;9;47;0
05/05/1982;1982018;24;22;20;3;28;0
28/04/1982;1982017;20;8;3;4;16;0
21/04/1982;1982016;10;17;24;11;2;0
15/04/1982;1982015;35;22;23;24;17;0
07/04/1982;1982014;40;36;29;19;31;0
31/03/1982;1982013;39;32;27;23;28;0
24/03/1982;1982012;9;35;48;11;49;0
17/03/1982;1982011;42;35;29;12;16;0
10/03/1982;1982010;3;13;24;19;36;0
03/03/1982;1982009;28;48;13;23;16;0
24/02/1982;1982008;34;30;10;18;4;0
17/02/1982;1982007;39;29;23;18;17;0
10/02/1982;1982006;17;38;23;6;27;0
03/02/1982;1982005;26;24;40;10;23;0
27/01/1982;1982004;26;34;23;24;47;0
20/01/1982;1982003;24;46;27;11;23;0
13/01/1982;1982002;9;29;25;8;14;0
06/01/1982;1982001;49;23;42;40;38;0
30/12/1981;1981052;28;45;34;48;37;0
23/12/1981;1981051;48;14;26;13;45;0
16/12/1981;1981050;18;38;13;22;34;0
09/12/1981;1981049;12;34;29;1;36;0
02/12/1981;1981048;22;39;36;32;5;0
25/11/1981;1981047;44;12;27;48;16;0
18/11/1981;1981046;43;2;27;46;40;0
12/11/1981;1981045;27;4;43;10;24;0
04/11/1981;1981044;24;46;7;23;2;0
28/10/1981;1981043;48;8;15;25;40;0
21/10/1981;1981042;2;26;24;1;43;0
14/10/1981;1981041;19;12;36;47;25;0
07/10/1981;1981040;4;12;47;11;28;0
30/09/1981;1981039;14;34;15;13;39;0
23/09/1981;1981038;34;9;14;24;19;0
16/09/1981;1981037;11;9;2;20;36;0
09/09/1981;1981036;29;33;25;32;5;0
02/09/1981;1981035;20;13;31;43;37;0
26/08/1981;1981034;12;9;36;45;48;0
19/08/1981;1981033;4;13;9;35;37;0
12/08/1981;1981032;2;49;6;37;13;0
05/08/1981;1981031;24;15;49;36;30;0
29/07/1981;1981030;13;19;9;27;49;0
22/07/1981;1981029;34;22;11;26;25;0
16/07/1981;1981028;40;2;49;20;15;0
08/07/1981;1981027;12;31;18;7;11;0
01/07/1981;1981026;12;4;34;27;25;0
24/06/1981;1981025;49;35;2;3;38;0
17/06/1981;1981024;42;13;38;18;1;0
11/06/1981;1981023;4;40;5;44;35;0
03/06/1981;1981022;26;25;5;40;12;0
27/05/1981;1981021;39;28;8;2;16;0
20/05/1981;1981020;6;29;18;4;47;0
13/05/1981;1981019;3;19;2;37;48;0
06/05/1981;1981018;41;17;38;43;47;0
29/04/1981;1981017;40;13;29;41;42;0
23/04/1981;1981016;9;34;17;1;24;0
15/04/1981;1981015;2;33;48;38;7;0
08/04/1981;1981014;45;18;43;24;13;0
01/04/1981;1981013;5;33;24;34;21;0
25/03/1981;1981012;2;18;49;28;47;0
18/03/1981;1981011;44;14;22;39;45;0
11/03/1981;1981010;28;40;3;36;41;0
04/03/1981;1981009;26;19;6;48;34;0
25/02/1981;1981008;29;12;48;13;15;0
18/02/1981;1981007;34;25;5;28;19;0
11/02/1981;1981006;46;24;11;14;28;0
04/02/1981;1981005;43;3;7;13;20;0
28/01/1981;1981004;4;28;29;19;18;0
21/01/1981;1981003;19;28;49;26;47;0
14/01/1981;1981002;34;31;26;38;48;0
07/01/1981;1981001;20;44;41;31;18;0
31/12/1980;1980053;7;16;34;8;39;0
24/12/1980;1980052;15;47;7;10;31;0
17/12/1980;1980051;5;12;44;24;11;0
10/12/1980;1980050;16;40;27;18;11;0
03/12/1980;1980049;22;35;47;40;24;0
26/11/1980;1980048;39;21;40;42;44;0
19/11/1980;1980047;6;13;21;39;37;0
13/11/1980;1980046;40;1;13;7;31;0
05/11/1980;1980045;42;49;21;10;39;0
29/10/1980;1980044;15;3;41;45;37;0
22/10/1980;1980043;46;6;48;36;41;0
15/10/1980;1980042;14;33;29;21;18;0
08/10/1980;1980041;47;3;22;13;5;0
01/10/1980;1980040;44;1;31;32;23;0
24/09/1980;1980039;12;28;31;4;45;0
17/09/1980;1980038;49;4;9;43;12;0
10/09/1980;1980037;31;19;3;20;39;0
03/09/1980;1980036;16;43;28;20;7;0
27/08/1980;1980035;48;24;18;45;36;0
20/08/1980;1980034;20;16;48;39;1;0
13/08/1980;1980033;28;5;32;12;15;0
06/08/1980;1980032;7;40;48;10;6;0
30/07/1980;1980031;3;13;5;11;19;0
23/07/1980;1980030;4;21;11;22;38;0
17/07/1980;1980029;42;17;2;28;4;0
09/07/1980;1980028;14;11;45;29;41;0
02/07/1980;1980027;34;47;36;5;40;0
25/06/1980;1980026;5;25;38;3;31;0
18/06/1980;1980025;7;40;36;11;22;0
11/06/1980;1980024;25;34;9;42;31;0
04/06/1980;1980023;14;18;6;48;27;0
29/05/1980;1980022;7;8;2;25;15;0
21/05/1980;1980021;45;5;44;15;48;0
14/05/1980;1980020;6;46;14;17;37;0
07/05/1980;1980019;22;1;25;14;10;0
30/04/1980;1980018;6;7;9;17;45;0
23/04/1980;1980017;10;14;12;3;42;0
16/04/1980;1980016;6;22;45;21;2;0
09/04/1980;1980015;47;41;12;31;5;0
02/04/1980;1980014;29;41;6;19;26;0
26/03/1980;1980013;18;10;46;35;4;0
19/03/1980;1980012;36;35;32;23;1;0
12/03/1980;1980011;48;38;17;46;9;0
05/03/1980;1980010;48;47;38;25;18;0
27/02/1980;1980009;3;30;19;18;13;0
20/02/1980;1980008;5;1;45;37;49;0
13/02/1980;1980007;43;20;25;39;26;0
06/02/1980;1980006;38;48;19;25;2;0
30/01/1980;1980005;29;28;42;46;19;0
23/01/1980;1980004;31;9;7;39;33;0
16/01/1980;1980003;42;26;43;9;32;0
09/01/1980;1980002;39;46;47;21;9;0
03/01/1980;1980001;26;32;48;39;9;0
28/12/1979;1979052;41;19;24;47;39;0
19/12/1979;1979051;10;26;12;22;4;0
12/12/1979;1979050;8;32;36;37;22;0
05/12/1979;1979049;12;7;27;35;15;0
28/11/1979;1979048;22;40;2;4;43;0
21/11/1979;1979047;28;12;24;4;30;0
14/11/1979;1979046;48;25;24;44;38;0
07/11/1979;1979045;28;45;46;12;40;0
31/10/1979;1979044;3;7;19;28;27;0
24/10/1979;1979043;7;46;33;45;34;0
17/10/1979;1979042;27;39;25;22;41;0
10/10/1979;1979041;4;36;29;28;42;0
03/10/1979;1979040;7;24;28;13;38;0
26/09/1979;1979039;44;6;37;12;3;0
19/09/1979;1979038;8;10;16;12;2;0
12/09/1979;1979037;31;45;17;13;5;0
05/09/1979;1979036;43;13;26;17;30;0
29/08/1979;1979035;8;25;15;16;4;0
22/08/1979;1979034;48;22;31;44;14;0
16/08/1979;1979033;36;42;20;15;47;0
08/08/1979;1979032;47;40;22;21;45;0
01/08/1979;1979031;17;2;29;23;14;0
25/07/1979;1979030;19;23;8;31;47;0
18/07/1979;1979029;13;8;49;36;19;0
11/07/1979;1979028;44;15;41;45;33;0
04/07/1979;1979027;25;1;15;39;4;0
27/06/1979;1979026;7;26;32;19;44;0
20/06/1979;1979025;10;12;3;25;8;0
13/06/1979;1979024;8;21;9;35;4;0
07/06/1979;1979023;3;49;9;48;10;0
30/05/1979;1979022;8;15;48;44;19;0
23/05/1979;1979021;36;42;48;11;5;0
16/05/1979;1979020;27;41;1;23;3;0
09/05/1979;1979019;40;41;49;24;9;0
03/05/1979;1979018;21;36;8;33;17;0
25/04/1979;1979017;13;21;39;37;41;0
19/04/1979;1979016;12;39;35;19;20;0
11/04/1979;1979015;34;2;28;12;7;0
04/04/1979;1979014;12;45;9;1;3;0
28/03/1979;1979013;23;42;14;27;3;0
21/03/1979;1979012;6;42;38;45;46;0
14/03/1979;1979011;25;36;32;20;45;0
07/03/1979;1979010;18;13;43;2;42;0
28/02/1979;1979009;2;20;5;31;11;0
21/02/1979;1979008;41;10;49;43;18;0
14/02/1979;1979007;27;30;18;49;47;0
07/02/1979;1979006;26;24;14;22;23;0
31/01/1979;1979005;4;22;30;26;49;0
24/01/1979;1979004;6;37;36;40;26;0
17/01/1979;1979003;12;37;30;16;19;0
10/01/1979;1979002;40;41;14;18;20;0
04/01/1979;1979001;20;21;47;13;49;0
28/12/1978;1978052;42;2;31;36;1;0
20/12/1978;1978051;48;31;41;49;35;0
13/12/1978;1978050;25;15;7;31;42;0
06/12/1978;1978049;42;30;35;31;44;0
29/11/1978;1978048;32;10;11;49;25;0
22/11/1978;1978047;32;20;47;14;19;0
15/11/1978;1978046;48;38;17;42;8;0
08/11/1978;1978045;6;16;21;3;49;0
02/11/1978;1978044;31;46;39;36;26;0
25/10/1978;1978043;28;34;8;42;20;0
18/10/1978;1978042;41;35;27;16;24;0
11/10/1978;1978041;4;48;14;33;29;0
04/10/1978;1978040;12;21;9;20;8;0
27/09/1978;1978039;48;45;27;47;23;0
20/09/1978;1978038;34;25;4;5;41;0
13/09/1978;1978037;20;48;35;34;8;0
06/09/1978;1978036;2;6;40;48;37;0
30/08/1978;1978035;28;38;21;12;48;0
23/08/1978;1978034;41;21;20;42;46;0
17/08/1978;1978033;45;31;18;27;30;0
09/08/1978;1978032;40;3;18;16;21;0
02/08/1978;1978031;5;3;1;27;17;0
26/07/1978;1978030;17;19;11;34;7;0
19/07/1978;1978029;28;11;16;8;24;0
12/07/1978;1978028;9;15;2;40;25;0
05/07/1978;1978027;46;47;39;29;17;0
28/06/1978;1978026;3;46;41;45;16;0
21/06/1978;1978025;49;11;32;44;20;0
14/06/1978;1978024;12;49;40;10;1;0
07/06/1978;1978023;21;1;43;35;13;0
31/05/1978;1978022;49;14;48;10;29;0
24/05/1978;1978021;7;18;46;47;3;0
18/05/1978;1978020;23;45;49;11;20;0
10/05/1978;1978019;5;4;2;29;8;0
03/05/1978;1978018;17;27;19;40;28;0
26/04/1978;1978017;37;45;29;28;24;0
19/04/1978;1978016;49;17;27;42;40;0
12/04/1978;1978015;36;7;31;46;26;0
05/04/1978;1978014;33;27;7;12;35;0
30/03/1978;1978013;28;15;7;4;24;0
22/03/1978;1978012;43;36;31;29;45;0
15/03/1978;1978011;27;14;13;20;12;0
08/03/1978;1978010;41;7;34;16;40;0
01/03/1978;1978009;45;17;18;46;38;0
22/02/1978;1978008;42;5;37;14;31;0
15/02/1978;1978007;40;4;38;39;24;0
08/02/1978;1978006;10;33;27;5;8;0
01/02/1978;1978005;16;2;37;48;7;0
25/01/1978;1978004;36;1;12;34;37;0
18/01/1978;1978003;23;22;33;27;26;0
11/01/1978;1978002;38;45;4;43;17;0
04/01/1978;1978001;7;36;5;12;37;0
28/12/1977;1977052;11;6;35;23;39;0
21/12/1977;1977051;38;9;28;12;19;0
14/12/1977;1977050;30;12;27;38;41;0
07/12/1977;1977049;37;44;20;42;6;0
30/11/1977;1977048;23;21;38;45;48;0
23/11/1977;1977047;3;15;16;2;37;0
16/11/1977;1977046;1;33;20;28;9;0
09/11/1977;1977045;20;42;35;14;19;0
03/11/1977;1977044;31;47;32;4;38;0
26/10/1977;1977043;38;6;25;34;3;0
19/10/1977;1977042;45;6;11;24;12;0
12/10/1977;1977041;47;27;6;5;42;0
05/10/1977;1977040;4;36;49;7;28;0
28/09/1977;1977039;2;4;33;7;38;0
21/09/1977;1977038;15;27;5;3;19;0
14/09/1977;1977037;9;18;17;3;44;0
07/09/1977;1977036;37;7;32;34;27;0
31/08/1977;1977035;43;34;8;49;32;0
24/08/1977;1977034;5;26;9;49;19;0
18/08/1977;1977033;4;10;29;5;32;0
10/08/1977;1977032;31;30;47;15;45;0
03/08/1977;1977031;23;26;24;18;15;0
27/07/1977;1977030;6;28;48;44;14;0
20/07/1977;1977029;11;7;32;12;30;0
13/07/1977;1977028;44;21;48;36;3;0
06/07/1977;1977027;28;2;37;16;20;0
29/06/1977;1977026;47;38;48;37;1;0
22/06/1977;1977025;42;15;7;19;12;0
15/06/1977;1977024;29;39;8;27;28;0
08/06/1977;1977023;24;43;31;21;37;0
01/06/1977;1977022;32;38;15;2;18;0
25/05/1977;1977021;44;38;20;31;22;0
18/05/1977;1977020;7;20;4;19;44;0
11/05/1977;1977019;28;10;1;23;9;0
04/05/1977;1977018;29;36;49;38;34;0
27/04/1977;1977017;6;30;29;28;44;0
20/04/1977;1977016;30;17;35;7;9;0
14/04/1977;1977015;41;28;26;3;16;0
06/04/1977;1977014;33;18;7;8;25;0
30/03/1977;1977013;19;10;40;41;43;0
23/03/1977;1977012;14;20;22;40;17;0
16/03/1977;1977011;40;21;20;45;44;0
09/03/1977;1977010;3;28;4;9;46;0
02/03/1977;1977009;26;27;6;22;33;0
23/02/1977;1977008;42;43;25;22;34;0
16/02/1977;1977007;11;44;13;37;31;0
09/02/1977;1977006;11;40;28;22;1;0
02/02/1977;1977005;25;23;5;1;41;0
26/01/1977;1977004;21;7;45;12;9;0
19/01/1977;1977003;41;33;2;14;45;0
12/01/1977;1977002;16;15;17;31;8;0
05/01/1977;1977001;36;26;1;34;32;0
29/12/1976;1976032;9;12;32;24;47;0
22/12/1976;1976031;20;36;3;7;1;0
15/12/1976;1976030;26;45;19;9;39;0
08/12/1976;1976029;38;31;12;49;7;0
01/12/1976;1976028;18;26;16;22;28;0
24/11/1976;1976027;20;19;25;5;12;0
17/11/1976;1976026;2;32;44;45;20;0
10/11/1976;1976025;17;3;41;38;30;0
04/11/1976;1976024;46;40;30;9;33;0
27/10/1976;1976023;43;5;40;13;17;0
20/10/1976;1976022;20;26;14;48;33;0
13/10/1976;1976021;36;19;46;2;20;0
06/10/1976;1976020;47;30;38;6;26;0
29/09/1976;1976019;7;15;11;8;35;0
22/09/1976;1976018;35;24;10;36;9;0
15/09/1976;1976017;27;7;39;3;8;0
08/09/1976;1976016;25;30;22;3;38;0
01/09/1976;1976015;27;33;42;8;26;0
25/08/1976;1976014;32;11;7;8;38;0
18/08/1976;1976013;21;9;3;24;34;0
11/08/1976;1976012;8;42;33;31;17;0
05/08/1976;1976011;47;37;25;6;4;0
28/07/1976;1976010;40;49;16;37;35;0
21/07/1976;1976009;15;2;31;19;27;0
15/07/1976;1976008;42;5;29;28;27;0
07/07/1976;1976007;27;32;34;19;45;0
30/06/1976;1976006;10;17;25;35;5;0
23/06/1976;1976005;30;22;11;9;23;0
16/06/1976;1976004;2;3;35;13;1;0
10/06/1976;1976003;44;16;47;10;15;0
03/06/1976;1976002;10;26;42;1;4;0
19/05/1976;1976001;31;15;33;27;36;0
